Q141657990	P1308	Q8514544	P1545	"1"	P580	+1623-00-00T00:00:00Z/9	P582	+1628-00-00T00:00:00Z/9
Q8514136	P39	Q141657980	P580	+1660-00-00T00:00:00Z/9	P582	+1671-00-00T00:00:00Z/9	P1366	Q8514073
Q8514073	P39	Q141657980	P580	+1681-00-00T00:00:00Z/9	P582	+1708-00-00T00:00:00Z/9	P1365	Q8514136	P1366	Q10856339
Q10856339	P39	Q141657980	P580	+1708-00-00T00:00:00Z/9	P582	+1727-00-00T00:00:00Z/9	P1365	Q8514073	P1366	Q8514097
Q8514097	P39	Q141657980	P580	+1727-00-00T00:00:00Z/9	P582	+1755-00-00T00:00:00Z/9	P1365	Q10856339	P1366	Q8514102
Q8514102	P39	Q141657980	P580	+1755-00-00T00:00:00Z/9	P582	+1782-00-00T00:00:00Z/9	P1365	Q8514097	P1366	Q8514091
Q8514091	P39	Q141657980	P580	+1782-00-00T00:00:00Z/9	P582	+1798-00-00T00:00:00Z/9	P1365	Q8514102	P1366	Q8514085
Q8514085	P39	Q141657980	P580	+1798-00-00T00:00:00Z/9	P582	+1827-00-00T00:00:00Z/9	P1365	Q8514091	P1366	Q8514068
Q8514068	P39	Q141657980	P580	+1828-00-00T00:00:00Z/9	P582	+1840-00-00T00:00:00Z/9	P1365	Q8514085	P1366	Q8514062
Q8514062	P39	Q141657980	P580	+1840-00-00T00:00:00Z/9	P582	+1857-00-00T00:00:00Z/9	P1365	Q8514068	P1366	Q8514107
Q8514107	P39	Q141657980	P580	+1857-00-00T00:00:00Z/9	P582	+1863-00-00T00:00:00Z/9	P1365	Q8514062	P1366	Q843977
Q843977	P39	Q141657980	P580	+1863-00-00T00:00:00Z/9	P582	+1868-00-00T00:00:00Z/9	P1365	Q8514107	P1366	Q8514079
Q8514079	P39	Q141657980	P580	+1868-00-00T00:00:00Z/9	P582	+1871-00-00T00:00:00Z/9	P1365	Q843977
Q8513920	P39	Q141657982	P580	+1819-00-00T00:00:00Z/9	P582	+1821-00-00T00:00:00Z/9	P1366	Q8513890
Q8513890	P39	Q141657982	P580	+1822-00-00T00:00:00Z/9	P582	+1862-00-00T00:00:00Z/9	P1365	Q8513920	P1366	Q8514396
Q8514396	P39	Q141657982	P580	+1862-00-00T00:00:00Z/9	P582	+1868-00-00T00:00:00Z/9	P1365	Q8513890	P1366	Q8513926
Q8513926	P39	Q141657982	P580	+1869-00-00T00:00:00Z/9	P582	+1871-00-00T00:00:00Z/9	P1365	Q8514396
Q8513836	P39	Q141657983	P580	+1627-00-00T00:00:00Z/9	P582	+1628-00-00T00:00:00Z/9	P1366	Q8514342
Q8514342	P39	Q141657983	P580	+1628-00-00T00:00:00Z/9	P582	+1644-00-00T00:00:00Z/9	P1365	Q8513836	P1366	Q4701235
Q4701235	P39	Q141657983	P580	+1645-00-00T00:00:00Z/9	P582	+1649-00-00T00:00:00Z/9	P1365	Q8514342	P1366	Q8514679
Q8514679	P39	Q141657983	P580	+1649-00-00T00:00:00Z/9	P582	+1676-00-00T00:00:00Z/9	P1365	Q4701235	P1366	Q8514668
Q8514668	P39	Q141657983	P580	+1676-00-00T00:00:00Z/9	P582	+1715-00-00T00:00:00Z/9	P1365	Q8514679	P1366	Q8514697
Q8514697	P39	Q141657983	P580	+1715-00-00T00:00:00Z/9	P582	+1743-00-00T00:00:00Z/9	P1365	Q8514668	P1366	Q8514660
Q8514660	P39	Q141657983	P580	+1743-00-00T00:00:00Z/9	P582	+1751-00-00T00:00:00Z/9	P1365	Q8514697	P1366	Q8514685
Q8514685	P39	Q141657983	P580	+1751-00-00T00:00:00Z/9	P582	+1757-00-00T00:00:00Z/9	P1365	Q8514660	P1366	Q8514703
Q8514703	P39	Q141657983	P580	+1757-00-00T00:00:00Z/9	P582	+1797-00-00T00:00:00Z/9	P1365	Q8514685	P1366	Q8514654
Q8514654	P39	Q141657983	P580	+1797-00-00T00:00:00Z/9	P582	+1803-00-00T00:00:00Z/9	P1365	Q8514703	P1366	Q8514666
Q8514666	P39	Q141657983	P580	+1803-00-00T00:00:00Z/9	P582	+1832-00-00T00:00:00Z/9	P1365	Q8514654	P1366	Q8514674
Q8514674	P39	Q141657983	P580	+1832-00-00T00:00:00Z/9	P582	+1865-00-00T00:00:00Z/9	P1365	Q8514666	P1366	Q8514691
Q8514691	P39	Q141657983	P580	+1865-00-00T00:00:00Z/9	P582	+1871-00-00T00:00:00Z/9	P1365	Q8514674
Q5370070	P39	Q141657984	P580	+1622-00-00T00:00:00Z/9	P582	+1626-00-00T00:00:00Z/9	P1366	Q8515976
Q8515976	P39	Q141657984	P580	+1626-00-00T00:00:00Z/9	P582	+1626-00-00T00:00:00Z/9	P1365	Q5370070	P1366	Q8513824
Q8513824	P39	Q141657984	P580	+1626-00-00T00:00:00Z/9	P582	+1627-00-00T00:00:00Z/9	P1365	Q8515976	P1366	Q8514993
Q8514993	P39	Q141657984	P580	+1628-00-00T00:00:00Z/9	P582	+1678-00-00T00:00:00Z/9	P1365	Q8513824	P1366	Q8515950
Q8515950	P39	Q141657984	P580	+1678-00-00T00:00:00Z/9	P582	+1691-00-00T00:00:00Z/9	P1365	Q8514993	P1366	Q8513845
Q8513845	P39	Q141657984	P580	+1692-00-00T00:00:00Z/9	P582	+1697-00-00T00:00:00Z/9	P1365	Q8515950	P1366	Q8515039
Q8515039	P39	Q141657984	P580	+1697-00-00T00:00:00Z/9	P582	+1722-00-00T00:00:00Z/9	P1365	Q8513845	P1366	Q8514999
Q8514999	P39	Q141657984	P580	+1722-00-00T00:00:00Z/9	P582	+1733-00-00T00:00:00Z/9	P1365	Q8515039	P1366	Q8515021
Q8515021	P39	Q141657984	P580	+1733-00-00T00:00:00Z/9	P582	+1761-00-00T00:00:00Z/9	P1365	Q8514999	P1366	Q8515052
Q8515052	P39	Q141657984	P580	+1761-00-00T00:00:00Z/9	P582	+1790-00-00T00:00:00Z/9	P1365	Q8515021	P1366	Q8515079
Q8515079	P39	Q141657984	P580	+1790-00-00T00:00:00Z/9	P582	+1795-00-00T00:00:00Z/9	P1365	Q8515052	P1366	Q8515058
Q8515058	P39	Q141657984	P580	+1796-00-00T00:00:00Z/9	P582	+1805-00-00T00:00:00Z/9	P1365	Q8515079	P1366	Q8515055
Q8515055	P39	Q141657984	P580	+1805-00-00T00:00:00Z/9	P582	+1831-00-00T00:00:00Z/9	P1365	Q8515058	P1366	Q8515043
Q8515043	P39	Q141657984	P580	+1831-00-00T00:00:00Z/9	P582	+1862-00-00T00:00:00Z/9	P1365	Q8515055	P1366	Q6788058
Q6788058	P39	Q141657984	P580	+1862-00-00T00:00:00Z/9	P582	+1868-00-00T00:00:00Z/9	P1365	Q8515043	P1366	Q8515053
Q8515053	P39	Q141657984	P580	+1868-00-00T00:00:00Z/9	P582	+1871-00-00T00:00:00Z/9	P1365	Q6788058
Q8514143	P39	Q141657985	P580	+1695-00-00T00:00:00Z/9	P582	+1699-00-00T00:00:00Z/9
Q8514527	P39	Q141657987	P580	+1701-00-00T00:00:00Z/9	P582	+1720-00-00T00:00:00Z/9	P1366	Q8514521
Q8514521	P39	Q141657987	P580	+1720-00-00T00:00:00Z/9	P582	+1732-00-00T00:00:00Z/9	P1365	Q8514527
Q1071525	P39	Q141657989	P580	+1602-00-00T00:00:00Z/9	P582	+1633-00-00T00:00:00Z/9	P1366	Q8514544
Q8514544	P39	Q141657989	P580	+1633-00-00T00:00:00Z/9	P582	+1672-00-00T00:00:00Z/9	P1365	Q1071525	P1366	Q8514497
Q8514497	P39	Q141657989	P580	+1672-00-00T00:00:00Z/9	P582	+1703-00-00T00:00:00Z/9	P1365	Q8514544	P1366	Q8514533
Q8514533	P39	Q141657989	P580	+1703-00-00T00:00:00Z/9	P582	+1715-00-00T00:00:00Z/9	P1365	Q8514497	P1366	Q8514480
Q8514480	P39	Q141657989	P580	+1715-00-00T00:00:00Z/9	P582	+1749-00-00T00:00:00Z/9	P1365	Q8514533	P1366	Q8514461
Q8514461	P39	Q141657989	P580	+1749-00-00T00:00:00Z/9	P582	+1753-00-00T00:00:00Z/9	P1365	Q8514480	P1366	Q8514556
Q8514556	P39	Q141657989	P580	+1753-00-00T00:00:00Z/9	P582	+1758-00-00T00:00:00Z/9	P1365	Q8514461	P1366	Q847002
Q847002	P39	Q141657989	P580	+1758-00-00T00:00:00Z/9	P582	+1785-00-00T00:00:00Z/9	P1365	Q8514556	P1366	Q8514468
Q8514468	P39	Q141657989	P580	+1785-00-00T00:00:00Z/9	P582	+1815-00-00T00:00:00Z/9	P1365	Q847002	P1366	Q8514561
Q8514561	P39	Q141657989	P580	+1815-00-00T00:00:00Z/9	P582	+1846-00-00T00:00:00Z/9	P1365	Q8514468	P1366	Q8514515
Q8514515	P39	Q141657989	P580	+1846-00-00T00:00:00Z/9	P582	+1857-00-00T00:00:00Z/9	P1365	Q8514561	P1366	Q8514549
Q8514549	P39	Q141657989	P580	+1857-00-00T00:00:00Z/9	P582	+1871-00-00T00:00:00Z/9	P1365	Q8514515
Q8514544	P39	Q141657990	P580	+1623-00-00T00:00:00Z/9	P582	+1628-00-00T00:00:00Z/9	P1366	Q8514797
Q8514797	P39	Q141657990	P580	+1628-00-00T00:00:00Z/9	P582	+1656-00-00T00:00:00Z/9	P1365	Q8514544	P1366	Q8514847
Q8514847	P39	Q141657990	P580	+1656-00-00T00:00:00Z/9	P582	+1704-00-00T00:00:00Z/9	P1365	Q8514797	P1366	Q8514851
Q8514851	P39	Q141657990	P580	+1704-00-00T00:00:00Z/9	P582	+1718-00-00T00:00:00Z/9	P1365	Q8514847	P1366	Q8514821
Q8514821	P39	Q141657990	P580	+1718-00-00T00:00:00Z/9	P582	+1745-00-00T00:00:00Z/9	P1365	Q8514851	P1366	Q8514831
Q8514831	P39	Q141657990	P580	+1745-00-00T00:00:00Z/9	P582	+1782-00-00T00:00:00Z/9	P1365	Q8514821	P1366	Q8514807
Q8514807	P39	Q141657990	P580	+1782-00-00T00:00:00Z/9	P582	+1817-00-00T00:00:00Z/9	P1365	Q8514831	P1366	Q8514841
Q8514841	P39	Q141657990	P580	+1817-00-00T00:00:00Z/9	P582	+1853-00-00T00:00:00Z/9	P1365	Q8514807	P1366	Q8514803
Q8514803	P39	Q141657990	P580	+1854-00-00T00:00:00Z/9	P582	+1855-00-00T00:00:00Z/9	P1365	Q8514841	P1366	Q8515920
Q8515920	P39	Q141657990	P580	+1855-00-00T00:00:00Z/9	P582	+1855-00-00T00:00:00Z/9	P1365	Q8514803	P1366	Q8514816
Q8514816	P39	Q141657990	P580	+1855-00-00T00:00:00Z/9	P582	+1861-00-00T00:00:00Z/9	P1365	Q8515920	P1366	Q8514835
Q8514835	P39	Q141657990	P580	+1861-00-00T00:00:00Z/9	P582	+1869-00-00T00:00:00Z/9	P1365	Q8514816	P1366	Q8514827
Q8514827	P39	Q141657990	P580	+1869-00-00T00:00:00Z/9	P582	+1871-00-00T00:00:00Z/9	P1365	Q8514835
Q8514347	P39	Q141657991	P580	+1627-00-00T00:00:00Z/9	P582	+1627-00-00T00:00:00Z/9	P1366	Q8514342
Q8514342	P39	Q141657991	P580	+1627-00-00T00:00:00Z/9	P582	+1628-00-00T00:00:00Z/9	P1365	Q8514347	P1366	Q8513836
Q8513836	P39	Q141657991	P580	+1628-00-00T00:00:00Z/9	P582	+1641-00-00T00:00:00Z/9	P1365	Q8514342	P1366	Q8514046
Q8514046	P39	Q141657991	P580	+1643-00-00T00:00:00Z/9	P582	+1679-00-00T00:00:00Z/9	P1365	Q8513836	P1366	Q8514019
Q8514019	P39	Q141657991	P580	+1679-00-00T00:00:00Z/9	P582	+1698-00-00T00:00:00Z/9	P1365	Q8514046	P1366	Q8514025
Q8514025	P39	Q141657991	P580	+1698-00-00T00:00:00Z/9	P582	+1700-00-00T00:00:00Z/9	P1365	Q8514019	P1366	Q8514052
Q8514052	P39	Q141657991	P580	+1701-00-00T00:00:00Z/9	P582	+1728-00-00T00:00:00Z/9	P1365	Q8514025	P1366	Q8514040
Q8514040	P39	Q141657991	P580	+1728-00-00T00:00:00Z/9	P582	+1745-00-00T00:00:00Z/9	P1365	Q8514052	P1366	Q8514034
Q8514034	P39	Q141657991	P580	+1745-00-00T00:00:00Z/9	P582	+1765-00-00T00:00:00Z/9	P1365	Q8514040	P1366	Q8514030
Q8514030	P39	Q141657991	P580	+1766-00-00T00:00:00Z/9	P582	+1796-00-00T00:00:00Z/9	P1365	Q8514034	P1366	Q8013088
Q8013088	P39	Q141657991	P580	+1796-00-00T00:00:00Z/9	P582	+1813-00-00T00:00:00Z/9	P1365	Q8514030	P1366	Q7041869
Q7041869	P39	Q141657991	P580	+1813-00-00T00:00:00Z/9	P582	+1858-00-00T00:00:00Z/9	P1365	Q8013088	P1366	Q7041862
Q7041862	P39	Q141657991	P580	+1858-00-00T00:00:00Z/9	P582	+1868-00-00T00:00:00Z/9	P1365	Q7041869	P1366	Q7041864
Q7041864	P39	Q141657991	P580	+1868-00-00T00:00:00Z/9	P582	+1871-00-00T00:00:00Z/9	P1365	Q7041862
Q8514057	P39	Q141657992	P580	+1623-00-00T00:00:00Z/9	P582	+1624-00-00T00:00:00Z/9
Q311183	P39	Q141657994	P580	+1600-00-00T00:00:00Z/9	P582	+1636-00-00T00:00:00Z/9	P1366	Q115852
Q115852	P39	Q141657994	P580	+1636-00-00T00:00:00Z/9	P582	+1658-00-00T00:00:00Z/9	P1365	Q311183	P1366	Q846370
Q846370	P39	Q141657994	P580	+1658-00-00T00:00:00Z/9	P582	+1660-00-00T00:00:00Z/9	P1365	Q115852	P1366	Q5227557
Q5227557	P39	Q141657994	P580	+1660-00-00T00:00:00Z/9	P582	+1703-00-00T00:00:00Z/9	P1365	Q846370	P1366	Q116151
Q116151	P39	Q141657994	P580	+1703-00-00T00:00:00Z/9	P582	+1743-00-00T00:00:00Z/9	P1365	Q5227557	P1366	Q5227536
Q5227536	P39	Q141657994	P580	+1743-00-00T00:00:00Z/9	P582	+1756-00-00T00:00:00Z/9	P1365	Q116151	P1366	Q846378
Q846378	P39	Q141657994	P580	+1756-00-00T00:00:00Z/9	P582	+1790-00-00T00:00:00Z/9	P1365	Q5227536	P1366	Q5227543
Q5227543	P39	Q141657994	P580	+1790-00-00T00:00:00Z/9	P582	+1796-00-00T00:00:00Z/9	P1365	Q846378	P1366	Q5227519
Q5227519	P39	Q141657994	P580	+1796-00-00T00:00:00Z/9	P582	+1812-00-00T00:00:00Z/9	P1365	Q5227543	P1366	Q5227540
Q5227540	P39	Q141657994	P580	+1812-00-00T00:00:00Z/9	P582	+1819-00-00T00:00:00Z/9	P1365	Q5227519	P1366	Q7201026
Q7201026	P39	Q141657994	P580	+1819-00-00T00:00:00Z/9	P582	+1827-00-00T00:00:00Z/9	P1365	Q5227540	P1366	Q5227539
Q5227539	P39	Q141657994	P580	+1827-00-00T00:00:00Z/9	P582	+1841-00-00T00:00:00Z/9	P1365	Q7201026	P1366	Q846375
Q846375	P39	Q141657994	P580	+1841-00-00T00:00:00Z/9	P582	+1868-00-00T00:00:00Z/9	P1365	Q5227539	P1366	Q5227534
Q5227534	P39	Q141657994	P580	+1868-00-00T00:00:00Z/9	P582	+1870-00-00T00:00:00Z/9	P1365	Q846375	P1366	Q7224597
Q7224597	P39	Q141657994	P580	+1870-00-00T00:00:00Z/9	P582	+1871-00-00T00:00:00Z/9	P1365	Q5227534
Q5520435	P39	Q141657995	P580	+1601-00-00T00:00:00Z/9	P582	+1612-00-00T00:00:00Z/9	P1366	Q8513818
Q8513818	P39	Q141657995	P580	+1612-00-00T00:00:00Z/9	P582	+1627-00-00T00:00:00Z/9	P1365	Q5520435	P1366	Q1371657
Q1371657	P39	Q141657995	P580	+1627-00-00T00:00:00Z/9	P582	+1631-00-00T00:00:00Z/9	P1365	Q8513818	P1366	Q8012693
Q8012693	P39	Q141657995	P580	+1631-00-00T00:00:00Z/9	P582	+1643-00-00T00:00:00Z/9	P1365	Q1371657	P1366	Q837236
Q837236	P39	Q141657995	P580	+1643-00-00T00:00:00Z/9	P582	+1669-00-00T00:00:00Z/9	P1365	Q8012693	P1366	Q11286854
Q11286854	P39	Q141657995	P580	+1669-00-00T00:00:00Z/9	P582	+1681-00-00T00:00:00Z/9	P1365	Q837236	P1366	Q11239143
Q11239143	P39	Q141657995	P580	+1681-00-00T00:00:00Z/9	P582	+1731-00-00T00:00:00Z/9	P1365	Q11286854	P1366	Q11239086
Q11239086	P39	Q141657995	P580	+1731-00-00T00:00:00Z/9	P582	+1750-00-00T00:00:00Z/9	P1365	Q11239143	P1366	Q11239084
Q11239084	P39	Q141657995	P580	+1750-00-00T00:00:00Z/9	P582	+1805-00-00T00:00:00Z/9	P1365	Q11239086	P1366	Q11239089
Q11239089	P39	Q141657995	P580	+1805-00-00T00:00:00Z/9	P582	+1805-00-00T00:00:00Z/9	P1365	Q11239084	P1366	Q846169
Q846169	P39	Q141657995	P580	+1806-00-00T00:00:00Z/9	P582	+1822-00-00T00:00:00Z/9	P1365	Q11239089	P1366	Q846200
Q846200	P39	Q141657995	P580	+1822-00-00T00:00:00Z/9	P582	+1852-00-00T00:00:00Z/9	P1365	Q846169	P1366	Q569441
Q569441	P39	Q141657995	P580	+1852-00-00T00:00:00Z/9	P582	+1868-00-00T00:00:00Z/9	P1365	Q846200	P1366	Q930282
Q930282	P39	Q141657995	P580	+1868-00-00T00:00:00Z/9	P582	+1868-00-00T00:00:00Z/9	P1365	Q569441	P1366	Q8515181
Q8515181	P39	Q141657995	P580	+1868-00-00T00:00:00Z/9	P582	+1869-00-00T00:00:00Z/9	P1365	Q930282
Q8513884	P39	Q141657996	P580	+1664-00-00T00:00:00Z/9	P582	+1668-00-00T00:00:00Z/9	P1366	Q8513878
Q8513878	P39	Q141657996	P580	+1668-00-00T00:00:00Z/9	P582	+1699-00-00T00:00:00Z/9	P1365	Q8513884	P1366	Q8513996
Q8513996	P39	Q141657996	P580	+1699-00-00T00:00:00Z/9	P582	+1716-00-00T00:00:00Z/9	P1365	Q8513878	P1366	Q8514014
Q8514014	P39	Q141657996	P580	+1716-00-00T00:00:00Z/9	P582	+1741-00-00T00:00:00Z/9	P1365	Q8513996	P1366	Q8513907
Q8513907	P39	Q141657996	P580	+1741-00-00T00:00:00Z/9	P582	+1765-00-00T00:00:00Z/9	P1365	Q8514014	P1366	Q8513913
Q8513913	P39	Q141657996	P580	+1765-00-00T00:00:00Z/9	P582	+1781-00-00T00:00:00Z/9	P1365	Q8513907	P1366	Q8513934
Q8513934	P39	Q141657996	P580	+1781-00-00T00:00:00Z/9	P582	+1796-00-00T00:00:00Z/9	P1365	Q8513913	P1366	Q8513895
Q8513895	P39	Q141657996	P580	+1796-00-00T00:00:00Z/9	P582	+1842-00-00T00:00:00Z/9	P1365	Q8513934	P1366	Q109957
Q109957	P39	Q141657996	P580	+1842-00-00T00:00:00Z/9	P582	+1871-00-00T00:00:00Z/9	P1365	Q8513895
Q8513830	P39	Q141657997	P580	+1632-00-00T00:00:00Z/9	P582	+1653-00-00T00:00:00Z/9
Q8515187	P39	Q141657998	P580	+1647-00-00T00:00:00Z/9	P582	+1675-00-00T00:00:00Z/9	P1366	Q8515208
Q8515208	P39	Q141657998	P580	+1675-00-00T00:00:00Z/9	P582	+1732-00-00T00:00:00Z/9	P1365	Q8515187	P1366	Q8515226
Q8515226	P39	Q141657998	P580	+1732-00-00T00:00:00Z/9	P582	+1787-00-00T00:00:00Z/9	P1365	Q8515208	P1366	Q8515254
Q8515254	P39	Q141657998	P580	+1787-00-00T00:00:00Z/9	P582	+1798-00-00T00:00:00Z/9	P1365	Q8515226	P1366	Q8515157
Q8515157	P39	Q141657998	P580	+1798-00-00T00:00:00Z/9	P582	+1821-00-00T00:00:00Z/9	P1365	Q8515254	P1366	Q8515175
Q8515175	P39	Q141657998	P580	+1821-00-00T00:00:00Z/9	P582	+1845-00-00T00:00:00Z/9	P1365	Q8515157	P1366	Q8515231
Q8515231	P39	Q141657998	P580	+1845-00-00T00:00:00Z/9	P582	+1868-00-00T00:00:00Z/9	P1365	Q8515175	P1366	Q8515169
Q8515169	P39	Q141657998	P580	+1868-00-00T00:00:00Z/9	P582	+1871-00-00T00:00:00Z/9	P1365	Q8515231
Q8515533	P39	Q141657999	P580	+1682-00-00T00:00:00Z/9	P582	+1693-00-00T00:00:00Z/9
Q5370076	P39	Q141658000	P580	+1830-00-00T00:00:00Z/9	P582	+1836-00-00T00:00:00Z/9	P1366	Q8514709
Q8514709	P39	Q141658000	P580	+1836-00-00T00:00:00Z/9	P582	+1868-00-00T00:00:00Z/9	P1365	Q5370076	P1366	Q5370072
Q5370072	P39	Q141658000	P580	+1868-00-00T00:00:00Z/9	P582	+1868-00-00T00:00:00Z/9	P1365	Q8514709	P1366	Q5370045
Q5370045	P39	Q141658000	P580	+1868-00-00T00:00:00Z/9	P582	+1869-00-00T00:00:00Z/9	P1365	Q5370072	P1366	Q5370072
Q5370072	P39	Q141658000	P580	+1869-00-00T00:00:00Z/9	P582	+1871-00-00T00:00:00Z/9	P1365	Q5370045
Q6638114	P39	Q141658001	P580	+1700-00-00T00:00:00Z/9	P582	+1743-00-00T00:00:00Z/9	P1366	Q6638400
Q6638400	P39	Q141658001	P580	+1743-00-00T00:00:00Z/9	P582	+1763-00-00T00:00:00Z/9	P1365	Q6638114	P1366	Q6638055
Q6638055	P39	Q141658001	P580	+1763-00-00T00:00:00Z/9	P582	+1801-00-00T00:00:00Z/9	P1365	Q6638400	P1366	Q11239157
Q11239157	P39	Q141658001	P580	+1801-00-00T00:00:00Z/9	P582	+1830-00-00T00:00:00Z/9	P1365	Q6638055	P1366	Q6638299
Q6638299	P39	Q141658001	P580	+1830-00-00T00:00:00Z/9	P582	+1862-00-00T00:00:00Z/9	P1365	Q11239157	P1366	Q11239153
Q11239153	P39	Q141658001	P580	+1862-00-00T00:00:00Z/9	P582	+1869-00-00T00:00:00Z/9	P1365	Q6638299	P1366	Q6638511
Q6638511	P39	Q141658001	P580	+1869-00-00T00:00:00Z/9	P582	+1871-00-00T00:00:00Z/9	P1365	Q11239153
Q839377	P39	Q141658002	P580	+1600-00-00T00:00:00Z/9	P582	+1614-00-00T00:00:00Z/9	P1366	Q8514439
Q8514439	P39	Q141658002	P580	+1614-00-00T00:00:00Z/9	P582	+1617-00-00T00:00:00Z/9	P1365	Q839377	P1366	Q8514354
Q8514354	P39	Q141658002	P580	+1617-00-00T00:00:00Z/9	P582	+1622-00-00T00:00:00Z/9	P1365	Q8514439	P1366	Q846206
Q846206	P39	Q141658002	P580	+1622-00-00T00:00:00Z/9	P582	+1628-00-00T00:00:00Z/9	P1365	Q8514354	P1366	Q850933
Q850933	P39	Q141658002	P580	+1628-00-00T00:00:00Z/9	P582	+1636-00-00T00:00:00Z/9	P1365	Q846206	P1366	Q837236
Q837236	P39	Q141658002	P580	+1636-00-00T00:00:00Z/9	P582	+1643-00-00T00:00:00Z/9	P1365	Q850933	P1366	Q5324923
Q5324923	P39	Q141658002	P580	+1644-00-00T00:00:00Z/9	P582	+1648-00-00T00:00:00Z/9	P1365	Q837236	P1366	Q11239138
Q11239138	P39	Q141658002	P580	+1648-00-00T00:00:00Z/9	P582	+1668-00-00T00:00:00Z/9	P1365	Q5324923	P1366	Q8515360
Q8515360	P39	Q141658002	P580	+1668-00-00T00:00:00Z/9	P582	+1672-00-00T00:00:00Z/9	P1365	Q11239138	P1366	Q8515354
Q8515354	P39	Q141658002	P580	+1672-00-00T00:00:00Z/9	P582	+1685-00-00T00:00:00Z/9	P1365	Q8515360	P1366	Q8515540
Q8515540	P39	Q141658002	P580	+1685-00-00T00:00:00Z/9	P582	+1686-00-00T00:00:00Z/9	P1365	Q8515354	P1366	Q399755
Q399755	P39	Q141658002	P580	+1686-00-00T00:00:00Z/9	P582	+1692-00-00T00:00:00Z/9	P1365	Q8515540	P1366	Q11239138
Q11239138	P39	Q141658002	P580	+1692-00-00T00:00:00Z/9	P582	+1692-00-00T00:00:00Z/9	P1365	Q399755	P1366	Q11239123
Q11239123	P39	Q141658002	P580	+1692-00-00T00:00:00Z/9	P582	+1700-00-00T00:00:00Z/9	P1365	Q11239138	P1366	Q8515551
Q8515551	P39	Q141658002	P580	+1700-00-00T00:00:00Z/9	P582	+1729-00-00T00:00:00Z/9	P1365	Q11239123	P1366	Q8514861
Q8514861	P39	Q141658002	P580	+1729-00-00T00:00:00Z/9	P582	+1731-00-00T00:00:00Z/9	P1365	Q8515551	P1366	Q8515546
Q8515546	P39	Q141658002	P580	+1731-00-00T00:00:00Z/9	P582	+1746-00-00T00:00:00Z/9	P1365	Q8514861	P1366	Q8515003
Q8515003	P39	Q141658002	P580	+1746-00-00T00:00:00Z/9	P582	+1764-00-00T00:00:00Z/9	P1365	Q8515546	P1366	Q8515279
Q8515279	P39	Q141658002	P580	+1767-00-00T00:00:00Z/9	P582	+1768-00-00T00:00:00Z/9	P1365	Q8515003	P1366	Q8515285
Q8515285	P39	Q141658002	P580	+1768-00-00T00:00:00Z/9	P582	+1810-00-00T00:00:00Z/9	P1365	Q8515279	P1366	Q8515297
Q8515297	P39	Q141658002	P580	+1810-00-00T00:00:00Z/9	P582	+1839-00-00T00:00:00Z/9	P1365	Q8515285	P1366	Q8515291
Q8515291	P39	Q141658002	P580	+1839-00-00T00:00:00Z/9	P582	+1845-00-00T00:00:00Z/9	P1365	Q8515297	P1366	Q5368702
Q5368702	P39	Q141658002	P580	+1845-00-00T00:00:00Z/9	P582	+1866-00-00T00:00:00Z/9	P1365	Q8515291	P1366	Q8515146
Q8515146	P39	Q141658002	P580	+1866-00-00T00:00:00Z/9	P582	+1870-00-00T00:00:00Z/9	P1365	Q5368702
Q2948444	P39	Q141658004	P580	+1660-00-00T00:00:00Z/9	P582	+1678-00-00T00:00:00Z/9	P1366	Q8514073
Q8514073	P39	Q141658004	P580	+1678-00-00T00:00:00Z/9	P582	+1681-00-00T00:00:00Z/9	P1365	Q2948444
Q5367620	P39	Q141658005	P580	+1622-00-00T00:00:00Z/9	P582	+1647-00-00T00:00:00Z/9	P1366	Q8515163
Q8515163	P39	Q141658005	P580	+1647-00-00T00:00:00Z/9	P582	+1660-00-00T00:00:00Z/9	P1365	Q5367620	P1366	Q8515220
Q8515220	P39	Q141658005	P580	+1660-00-00T00:00:00Z/9	P582	+1681-00-00T00:00:00Z/9	P1365	Q8515163	P1366	Q8515237
Q8515237	P39	Q141658005	P580	+1682-00-00T00:00:00Z/9	P582	+1731-00-00T00:00:00Z/9	P1365	Q8515220	P1366	Q8515214
Q8515214	P39	Q141658005	P580	+1731-00-00T00:00:00Z/9	P582	+1766-00-00T00:00:00Z/9	P1365	Q8515237	P1366	Q8515986
Q8515986	P39	Q141658005	P580	+1766-00-00T00:00:00Z/9	P582	+1767-00-00T00:00:00Z/9	P1365	Q8515214	P1366	Q8515193
Q8515193	P39	Q141658005	P580	+1767-00-00T00:00:00Z/9	P582	+1805-00-00T00:00:00Z/9	P1365	Q8515986	P1366	Q8515249
Q8515249	P39	Q141658005	P580	+1805-00-00T00:00:00Z/9	P582	+1842-00-00T00:00:00Z/9	P1365	Q8515193	P1366	Q8515202
Q8515202	P39	Q141658005	P580	+1842-00-00T00:00:00Z/9	P582	+1861-00-00T00:00:00Z/9	P1365	Q8515249	P1366	Q8515259
Q8515259	P39	Q141658005	P580	+1861-00-00T00:00:00Z/9	P582	+1862-00-00T00:00:00Z/9	P1365	Q8515202	P1366	Q8515243
Q8515243	P39	Q141658005	P580	+1862-00-00T00:00:00Z/9	P582	+1868-00-00T00:00:00Z/9	P1365	Q8515259	P1366	Q8515181
Q8515181	P39	Q141658005	P580	+1868-00-00T00:00:00Z/9	P582	+1871-00-00T00:00:00Z/9	P1365	Q8515243
Q909029	P39	Q141657919	P580	+1590-00-00T00:00:00Z/9	P582	+1607-00-00T00:00:00Z/9	P1366	Q837782
Q837782	P39	Q141657919	P580	+1607-00-00T00:00:00Z/9	P582	+1631-00-00T00:00:00Z/9	P1365	Q909029	P1366	Q838192
Q838192	P39	Q141657919	P580	+1631-00-00T00:00:00Z/9	P582	+1655-00-00T00:00:00Z/9	P1365	Q837782	P1366	Q7849976
Q7849976	P39	Q141657919	P580	+1656-00-00T00:00:00Z/9	P582	+1710-00-00T00:00:00Z/9	P1365	Q838192	P1366	Q7849975
Q7849975	P39	Q141657919	P580	+1710-00-00T00:00:00Z/9	P582	+1731-00-00T00:00:00Z/9	P1365	Q7849976	P1366	Q7849971
Q7849971	P39	Q141657919	P580	+1731-00-00T00:00:00Z/9	P582	+1744-00-00T00:00:00Z/9	P1365	Q7849975	P1366	Q7849978
Q7849978	P39	Q141657919	P580	+1744-00-00T00:00:00Z/9	P582	+1784-00-00T00:00:00Z/9	P1365	Q7849971	P1366	Q7849974
Q7849974	P39	Q141657919	P580	+1784-00-00T00:00:00Z/9	P582	+1791-00-00T00:00:00Z/9	P1365	Q7849978	P1366	Q7849985
Q7849985	P39	Q141657919	P580	+1791-00-00T00:00:00Z/9	P582	+1825-00-00T00:00:00Z/9	P1365	Q7849974	P1366	Q7849979
Q7849979	P39	Q141657919	P580	+1825-00-00T00:00:00Z/9	P582	+1839-00-00T00:00:00Z/9	P1365	Q7849985	P1366	Q7849987
Q7849987	P39	Q141657919	P580	+1839-00-00T00:00:00Z/9	P582	+1859-00-00T00:00:00Z/9	P1365	Q7849979	P1366	Q7849981
Q7849981	P39	Q141657919	P580	+1859-00-00T00:00:00Z/9	P582	+1871-00-00T00:00:00Z/9	P1365	Q7849987
Q844093	P39	Q141658006	P580	+1869-00-00T00:00:00Z/9	P582	+1871-00-00T00:00:00Z/9
Q5368867	P39	Q141658007	P580	+1622-00-00T00:00:00Z/9	P582	+1648-00-00T00:00:00Z/9	P1366	Q8514153
Q8514153	P39	Q141658007	P580	+1650-00-00T00:00:00Z/9	P582	+1710-00-00T00:00:00Z/9	P1365	Q5368867	P1366	Q8514175
Q8514175	P39	Q141658007	P580	+1710-00-00T00:00:00Z/9	P582	+1737-00-00T00:00:00Z/9	P1365	Q8514153	P1366	Q8514181
Q8514181	P39	Q141658007	P580	+1737-00-00T00:00:00Z/9	P582	+1745-00-00T00:00:00Z/9	P1365	Q8514175	P1366	Q8514159
Q8514159	P39	Q141658007	P580	+1745-00-00T00:00:00Z/9	P582	+1765-00-00T00:00:00Z/9	P1365	Q8514181	P1366	Q8514200
Q8514200	P39	Q141658007	P580	+1765-00-00T00:00:00Z/9	P582	+1780-00-00T00:00:00Z/9	P1365	Q8514159	P1366	Q8514164
Q8514164	P39	Q141658007	P580	+1780-00-00T00:00:00Z/9	P582	+1786-00-00T00:00:00Z/9	P1365	Q8514200	P1366	Q8514195
Q8514195	P39	Q141658007	P580	+1786-00-00T00:00:00Z/9	P582	+1796-00-00T00:00:00Z/9	P1365	Q8514164	P1366	Q8514170
Q8514170	P39	Q141658007	P580	+1796-00-00T00:00:00Z/9	P582	+1840-00-00T00:00:00Z/9	P1365	Q8514195	P1366	Q8514423
Q8514423	P39	Q141658007	P580	+1840-00-00T00:00:00Z/9	P582	+1843-00-00T00:00:00Z/9	P1365	Q8514170	P1366	Q8514189
Q8514189	P39	Q141658007	P580	+1843-00-00T00:00:00Z/9	P582	+1871-00-00T00:00:00Z/9	P1365	Q8514423
Q8514212	P39	Q141658009	P580	+1623-00-00T00:00:00Z/9	P582	+1634-00-00T00:00:00Z/9	P1366	Q8514252
Q8514252	P39	Q141658009	P580	+1634-00-00T00:00:00Z/9	P582	+1676-00-00T00:00:00Z/9	P1365	Q8514212	P1366	Q8514218
Q8514218	P39	Q141658009	P580	+1676-00-00T00:00:00Z/9	P582	+1685-00-00T00:00:00Z/9	P1365	Q8514252	P1366	Q8514264
Q8514264	P39	Q141658009	P580	+1685-00-00T00:00:00Z/9	P582	+1735-00-00T00:00:00Z/9	P1365	Q8514218	P1366	Q8514206
Q8514206	P39	Q141658009	P580	+1735-00-00T00:00:00Z/9	P582	+1754-00-00T00:00:00Z/9	P1365	Q8514264	P1366	Q8514224
Q8514224	P39	Q141658009	P580	+1754-00-00T00:00:00Z/9	P582	+1783-00-00T00:00:00Z/9	P1365	Q8514206	P1366	Q8514240
Q8514240	P39	Q141658009	P580	+1783-00-00T00:00:00Z/9	P582	+1812-00-00T00:00:00Z/9	P1365	Q8514224	P1366	Q8514235
Q8514235	P39	Q141658009	P580	+1812-00-00T00:00:00Z/9	P582	+1822-00-00T00:00:00Z/9	P1365	Q8514240	P1366	Q8514230
Q8514230	P39	Q141658009	P580	+1822-00-00T00:00:00Z/9	P582	+1848-00-00T00:00:00Z/9	P1365	Q8514235	P1366	Q8514259
Q8514259	P39	Q141658009	P580	+1848-00-00T00:00:00Z/9	P582	+1861-00-00T00:00:00Z/9	P1365	Q8514230	P1366	Q8514246
Q8514246	P39	Q141658009	P580	+1861-00-00T00:00:00Z/9	P582	+1871-00-00T00:00:00Z/9	P1365	Q8514259
Q5370089	P39	Q141658010	P580	+1682-00-00T00:00:00Z/9	P582	+1692-00-00T00:00:00Z/9	P1366	Q8516032
Q8516032	P39	Q141658010	P580	+1693-00-00T00:00:00Z/9	P582	+1699-00-00T00:00:00Z/9	P1365	Q5370089
Q844035	P39	Q141658011	P582	+1616-00-00T00:00:00Z/9	P1366	Q8514279
Q8514279	P39	Q141658011	P580	+1617-00-00T00:00:00Z/9	P582	+1641-00-00T00:00:00Z/9	P1365	Q844035	P1366	Q8514336
Q8514336	P39	Q141658011	P580	+1641-00-00T00:00:00Z/9	P582	+1648-00-00T00:00:00Z/9	P1365	Q8514279	P1366	Q8514302
Q8514302	P39	Q141658011	P580	+1648-00-00T00:00:00Z/9	P582	+1665-00-00T00:00:00Z/9	P1365	Q8514336	P1366	Q8514298
Q8514298	P39	Q141658011	P580	+1665-00-00T00:00:00Z/9	P582	+1720-00-00T00:00:00Z/9	P1365	Q8514302	P1366	Q8514273
Q8514273	P39	Q141658011	P580	+1721-00-00T00:00:00Z/9	P582	+1743-00-00T00:00:00Z/9	P1365	Q8514298	P1366	Q8514319
Q8514319	P39	Q141658011	P580	+1743-00-00T00:00:00Z/9	P582	+1765-00-00T00:00:00Z/9	P1365	Q8514273	P1366	Q8514314
Q8514314	P39	Q141658011	P580	+1765-00-00T00:00:00Z/9	P582	+1792-00-00T00:00:00Z/9	P1365	Q8514319	P1366	Q8514326
Q8514326	P39	Q141658011	P580	+1792-00-00T00:00:00Z/9	P582	+1807-00-00T00:00:00Z/9	P1365	Q8514314	P1366	Q8514326
Q8514326	P39	Q141658011	P580	+1821-00-00T00:00:00Z/9	P582	+1833-00-00T00:00:00Z/9	P1365	Q8514326	P1366	Q8514331
Q8514331	P39	Q141658011	P580	+1834-00-00T00:00:00Z/9	P582	+1839-00-00T00:00:00Z/9	P1365	Q8514326	P1366	Q8514308
Q8514308	P39	Q141658011	P580	+1839-00-00T00:00:00Z/9	P582	+1849-00-00T00:00:00Z/9	P1365	Q8514331	P1366	Q6788127
Q6788127	P39	Q141658011	P580	+1849-00-00T00:00:00Z/9	P582	+1865-00-00T00:00:00Z/9	P1365	Q8514308	P1366	Q8514292
Q8514292	P39	Q141658011	P580	+1866-00-00T00:00:00Z/9	P582	+1868-00-00T00:00:00Z/9	P1365	Q6788127	P1366	Q8514285
Q8514285	P39	Q141658011	P580	+1869-00-00T00:00:00Z/9	P582	+1871-00-00T00:00:00Z/9	P1365	Q8514292
Q10729501	P39	Q141658012	P580	+1700-00-00T00:00:00Z/9	P582	+1719-00-00T00:00:00Z/9	P1366	Q8515098
Q8515098	P39	Q141658012	P580	+1719-00-00T00:00:00Z/9	P582	+1736-00-00T00:00:00Z/9	P1365	Q10729501	P1366	Q8515092
Q8515092	P39	Q141658012	P580	+1736-00-00T00:00:00Z/9	P582	+1747-00-00T00:00:00Z/9	P1365	Q8515098
Q6636998	P39	Q141658013	P580	+1683-00-00T00:00:00Z/9	P582	+1713-00-00T00:00:00Z/9	P1366	Q11239162
Q11239162	P39	Q141658013	P580	+1713-00-00T00:00:00Z/9	P582	+1721-00-00T00:00:00Z/9	P1365	Q6636998	P1366	Q11239159
Q11239159	P39	Q141658013	P580	+1721-00-00T00:00:00Z/9	P582	+1729-00-00T00:00:00Z/9	P1365	Q11239162	P1366	Q6636871
Q6636871	P39	Q141658013	P580	+1729-00-00T00:00:00Z/9	P582	+1730-00-00T00:00:00Z/9	P1365	Q11239159	P1366	Q8514326
Q8514326	P39	Q141658013	P580	+1807-00-00T00:00:00Z/9	P582	+1821-00-00T00:00:00Z/9	P1365	Q6636871
Q1071770	P39	Q141658015	P580	+1603-00-00T00:00:00Z/9	P582	+1620-00-00T00:00:00Z/9	P1366	Q909763
Q909763	P39	Q141658015	P580	+1622-00-00T00:00:00Z/9	P582	+1627-00-00T00:00:00Z/9	P1365	Q1071770	P1366	Q8513870
Q8513870	P39	Q141658015	P580	+1627-00-00T00:00:00Z/9	P582	+1665-00-00T00:00:00Z/9	P1365	Q909763	P1366	Q8513864
Q8513864	P39	Q141658015	P580	+1665-00-00T00:00:00Z/9	P582	+1674-00-00T00:00:00Z/9	P1365	Q8513870	P1366	Q8514880
Q8514880	P39	Q141658015	P580	+1674-00-00T00:00:00Z/9	P582	+1705-00-00T00:00:00Z/9	P1365	Q8513864	P1366	Q8515365
Q8515365	P39	Q141658015	P580	+1705-00-00T00:00:00Z/9	P582	+1728-00-00T00:00:00Z/9	P1365	Q8514880	P1366	Q11239141
Q11239141	P39	Q141658015	P580	+1728-00-00T00:00:00Z/9	P582	+1746-00-00T00:00:00Z/9	P1365	Q8515365	P1366	Q8515344
Q8515344	P39	Q141658015	P580	+1746-00-00T00:00:00Z/9	P582	+1776-00-00T00:00:00Z/9	P1365	Q11239141	P1366	Q8515349
Q8515349	P39	Q141658015	P580	+1776-00-00T00:00:00Z/9	P582	+1812-00-00T00:00:00Z/9	P1365	Q8515344	P1366	Q8515338
Q8515338	P39	Q141658015	P580	+1812-00-00T00:00:00Z/9	P582	+1817-00-00T00:00:00Z/9	P1365	Q8515349	P1366	Q6036685
Q6036685	P39	Q141658015	P580	+1817-00-00T00:00:00Z/9	P582	+1820-00-00T00:00:00Z/9	P1365	Q8515338	P1366	Q8013036
Q8013036	P39	Q141658015	P580	+1820-00-00T00:00:00Z/9	P582	+1836-00-00T00:00:00Z/9	P1365	Q6036685	P1366	Q8515128
Q8515128	P39	Q141658015	P580	+1836-00-00T00:00:00Z/9	P582	+1854-00-00T00:00:00Z/9	P1365	Q8013036	P1366	Q8515122
Q8515122	P39	Q141658015	P580	+1854-00-00T00:00:00Z/9	P582	+1862-00-00T00:00:00Z/9	P1365	Q8515128	P1366	Q8515135
Q8515135	P39	Q141658015	P580	+1862-00-00T00:00:00Z/9	P582	+1864-00-00T00:00:00Z/9	P1365	Q8515122	P1366	Q6526602
Q6526602	P39	Q141658015	P580	+1864-00-00T00:00:00Z/9	P582	+1866-00-00T00:00:00Z/9	P1365	Q8515135	P1366	Q8012981
Q8012981	P39	Q141658015	P580	+1866-00-00T00:00:00Z/9	P582	+1868-00-00T00:00:00Z/9	P1365	Q6526602	P1366	Q8012981
Q8012981	P39	Q141658015	P580	+1868-00-00T00:00:00Z/9	P582	+1868-00-00T00:00:00Z/9	P1365	Q8012981	P1366	Q8012956
Q8012956	P39	Q141658015	P580	+1868-00-00T00:00:00Z/9	P582	+1871-00-00T00:00:00Z/9	P1365	Q8012981
Q8514963	P39	Q141658016	P580	+1634-00-00T00:00:00Z/9	P582	+1645-00-00T00:00:00Z/9	P1366	Q8514937
Q8514937	P39	Q141658016	P580	+1646-00-00T00:00:00Z/9	P582	+1696-00-00T00:00:00Z/9	P1365	Q8514963	P1366	Q8514908
Q8514908	P39	Q141658016	P580	+1696-00-00T00:00:00Z/9	P582	+1702-00-00T00:00:00Z/9	P1365	Q8514937	P1366	Q8515454
Q8515454	P39	Q141658016	P580	+1702-00-00T00:00:00Z/9	P582	+1717-00-00T00:00:00Z/9	P1365	Q8514908	P1366	Q8515440
Q8515440	P39	Q141658016	P580	+1717-00-00T00:00:00Z/9	P582	+1746-00-00T00:00:00Z/9	P1365	Q8515454	P1366	Q8515496
Q8515496	P39	Q141658016	P580	+1746-00-00T00:00:00Z/9	P582	+1754-00-00T00:00:00Z/9	P1365	Q8515440	P1366	Q8515501
Q8515501	P39	Q141658016	P580	+1754-00-00T00:00:00Z/9	P582	+1799-00-00T00:00:00Z/9	P1365	Q8515496	P1366	Q8515486
Q8515486	P39	Q141658016	P580	+1799-00-00T00:00:00Z/9	P582	+1815-00-00T00:00:00Z/9	P1365	Q8515501	P1366	Q8516028
Q8516028	P39	Q141658016	P580	+1815-00-00T00:00:00Z/9	P582	+1836-00-00T00:00:00Z/9	P1365	Q8515486	P1366	Q8516025
Q8516025	P39	Q141658016	P580	+1836-00-00T00:00:00Z/9	P582	+1860-00-00T00:00:00Z/9	P1365	Q8516028	P1366	Q8515516
Q8515516	P39	Q141658016	P580	+1860-00-00T00:00:00Z/9	P582	+1868-00-00T00:00:00Z/9	P1365	Q8516025	P1366	Q8515475
Q8515475	P39	Q141658016	P580	+1868-00-00T00:00:00Z/9	P582	+1871-00-00T00:00:00Z/9	P1365	Q8515516
Q8515481	P39	Q141658017	P580	+1662-00-00T00:00:00Z/9	P582	+1664-00-00T00:00:00Z/9	P1366	Q8515522
Q8515522	P39	Q141658017	P580	+1664-00-00T00:00:00Z/9	P582	+1681-00-00T00:00:00Z/9	P1365	Q8515481
Q8514148	P39	Q141658022	P580	+1676-00-00T00:00:00Z/9	P582	+1693-00-00T00:00:00Z/9	P1366	Q8515943
Q8515943	P39	Q141658022	P580	+1693-00-00T00:00:00Z/9	P582	+1703-00-00T00:00:00Z/9	P1365	Q8514148	P1366	Q8513874
Q8513874	P39	Q141658022	P580	+1703-00-00T00:00:00Z/9	P582	+1722-00-00T00:00:00Z/9	P1365	Q8515943	P1366	Q8514914
Q8514914	P39	Q141658022	P580	+1722-00-00T00:00:00Z/9	P582	+1741-00-00T00:00:00Z/9	P1365	Q8513874	P1366	Q8514902
Q8514902	P39	Q141658022	P580	+1741-00-00T00:00:00Z/9	P582	+1761-00-00T00:00:00Z/9	P1365	Q8514914	P1366	Q6992919
Q6992919	P39	Q141658022	P580	+1761-00-00T00:00:00Z/9	P582	+1778-00-00T00:00:00Z/9	P1365	Q8514902	P1366	Q8514969
Q8514969	P39	Q141658022	P580	+1778-00-00T00:00:00Z/9	P582	+1787-00-00T00:00:00Z/9	P1365	Q6992919	P1366	Q8514931
Q8514931	P39	Q141658022	P580	+1787-00-00T00:00:00Z/9	P582	+1799-00-00T00:00:00Z/9	P1365	Q8514969	P1366	Q8514921
Q8514921	P39	Q141658022	P580	+1799-00-00T00:00:00Z/9	P582	+1824-00-00T00:00:00Z/9	P1365	Q8514931	P1366	Q8514951
Q8514951	P39	Q141658022	P580	+1824-00-00T00:00:00Z/9	P582	+1855-00-00T00:00:00Z/9	P1365	Q8514921	P1366	Q6832237
Q6832237	P39	Q141658022	P580	+1855-00-00T00:00:00Z/9	P582	+1859-00-00T00:00:00Z/9	P1365	Q8514951	P1366	Q8514957
Q8514957	P39	Q141658022	P580	+1859-00-00T00:00:00Z/9	P582	+1863-00-00T00:00:00Z/9	P1365	Q6832237	P1366	Q8514926
Q8514926	P39	Q141658022	P580	+1863-00-00T00:00:00Z/9	P582	+1868-00-00T00:00:00Z/9	P1365	Q8514957	P1366	Q8514897
Q8514897	P39	Q141658022	P580	+1869-00-00T00:00:00Z/9	P582	+1871-00-00T00:00:00Z/9	P1365	Q8514926
Q909763	P39	Q141658027	P580	+1627-00-00T00:00:00Z/9	P582	+1637-00-00T00:00:00Z/9	P1366	Q8514046
Q8514046	P39	Q141658027	P580	+1637-00-00T00:00:00Z/9	P582	+1643-00-00T00:00:00Z/9	P1365	Q909763	P1366	Q8515268
Q8515268	P39	Q141658027	P580	+1643-00-00T00:00:00Z/9	P582	+1649-00-00T00:00:00Z/9	P1365	Q8514046	P1366	Q8515491
Q8515491	P39	Q141658027	P580	+1649-00-00T00:00:00Z/9	P582	+1662-00-00T00:00:00Z/9	P1365	Q8515268	P1366	Q8515528
Q8515528	P39	Q141658027	P580	+1662-00-00T00:00:00Z/9	P582	+1681-00-00T00:00:00Z/9	P1365	Q8515491	P1366	Q11239138
Q11239138	P39	Q141658027	P580	+1681-00-00T00:00:00Z/9	P582	+1692-00-00T00:00:00Z/9	P1365	Q8515528	P1366	Q399755
Q399755	P39	Q141658027	P580	+1692-00-00T00:00:00Z/9	P582	+1695-00-00T00:00:00Z/9	P1365	Q11239138	P1366	Q11239147
Q11239147	P39	Q141658027	P580	+1695-00-00T00:00:00Z/9	P582	+1729-00-00T00:00:00Z/9	P1365	Q399755	P1366	Q11239149
Q11239149	P39	Q141658027	P580	+1729-00-00T00:00:00Z/9	P582	+1741-00-00T00:00:00Z/9	P1365	Q11239147	P1366	Q6637949
Q6637949	P39	Q141658027	P580	+1741-00-00T00:00:00Z/9	P582	+1770-00-00T00:00:00Z/9	P1365	Q11239149	P1366	Q10729371
Q10729371	P39	Q141658027	P580	+1770-00-00T00:00:00Z/9	P582	+1783-00-00T00:00:00Z/9	P1365	Q6637949	P1366	Q284038
Q284038	P39	Q141658027	P580	+1783-00-00T00:00:00Z/9	P582	+1812-00-00T00:00:00Z/9	P1365	Q10729371	P1366	Q10729424
Q10729424	P39	Q141658027	P580	+1812-00-00T00:00:00Z/9	P582	+1823-00-00T00:00:00Z/9	P1365	Q284038	P1366	Q318178
Q318178	P39	Q141658027	P580	+1823-00-00T00:00:00Z/9	P582	+1823-00-00T00:00:00Z/9	P1365	Q10729424	P1366	Q8013604
Q8013604	P39	Q141658027	P580	+1823-00-00T00:00:00Z/9	P582	+1831-00-00T00:00:00Z/9	P1365	Q318178	P1366	Q8013532
Q8013532	P39	Q141658027	P580	+1831-00-00T00:00:00Z/9	P582	+1838-00-00T00:00:00Z/9	P1365	Q8013604	P1366	Q8013567
Q8013567	P39	Q141658027	P580	+1838-00-00T00:00:00Z/9	P582	+1848-00-00T00:00:00Z/9	P1365	Q8013532	P1366	Q8013299
Q8013299	P39	Q141658027	P580	+1848-00-00T00:00:00Z/9	P582	+1848-00-00T00:00:00Z/9	P1365	Q8013567	P1366	Q8013925
Q8013925	P39	Q141658027	P580	+1848-00-00T00:00:00Z/9	P582	+1864-00-00T00:00:00Z/9	P1365	Q8013299	P1366	Q6526165
Q6526165	P39	Q141658027	P580	+1864-00-00T00:00:00Z/9	P582	+1866-00-00T00:00:00Z/9	P1365	Q8013925	P1366	Q8012981
Q8012981	P39	Q141658027	P580	+1866-00-00T00:00:00Z/9	P582	+1866-00-00T00:00:00Z/9	P1365	Q6526165	P1366	Q8012981
Q8012981	P39	Q141658027	P580	+1868-00-00T00:00:00Z/9	P582	+1868-00-00T00:00:00Z/9	P1365	Q8012981
Q1143534	P39	Q141658028	P580	+1599-00-00T00:00:00Z/9	P582	+1632-00-00T00:00:00Z/9	P1366	Q6962458
Q6962458	P39	Q141658028	P580	+1632-00-00T00:00:00Z/9	P582	+1664-00-00T00:00:00Z/9	P1365	Q1143534	P1366	Q8514003
Q8514003	P39	Q141658028	P580	+1664-00-00T00:00:00Z/9	P582	+1692-00-00T00:00:00Z/9	P1365	Q6962458	P1366	Q8514008
Q8514008	P39	Q141658028	P580	+1692-00-00T00:00:00Z/9	P582	+1702-00-00T00:00:00Z/9	P1365	Q8514003	P1366	Q8513901
Q8513901	P39	Q141658028	P580	+1702-00-00T00:00:00Z/9	P582	+1705-00-00T00:00:00Z/9	P1365	Q8514008	P1366	Q8514401
Q8514401	P39	Q141658028	P580	+1705-00-00T00:00:00Z/9	P582	+1725-00-00T00:00:00Z/9	P1365	Q8513901	P1366	Q8513962
Q8513962	P39	Q141658028	P580	+1725-00-00T00:00:00Z/9	P582	+1752-00-00T00:00:00Z/9	P1365	Q8514401	P1366	Q8513972
Q8513972	P39	Q141658028	P580	+1752-00-00T00:00:00Z/9	P582	+1779-00-00T00:00:00Z/9	P1365	Q8513962	P1366	Q8513940
Q8513940	P39	Q141658028	P580	+1780-00-00T00:00:00Z/9	P582	+1784-00-00T00:00:00Z/9	P1365	Q8513972	P1366	Q8514408
Q8514408	P39	Q141658028	P580	+1784-00-00T00:00:00Z/9	P582	+1820-00-00T00:00:00Z/9	P1365	Q8513940	P1366	Q8513952
Q8513952	P39	Q141658028	P580	+1820-00-00T00:00:00Z/9	P582	+1821-00-00T00:00:00Z/9	P1365	Q8514408	P1366	Q8513946
Q8513946	P39	Q141658028	P580	+1821-00-00T00:00:00Z/9	P582	+1825-00-00T00:00:00Z/9	P1365	Q8513952	P1366	Q8513978
Q8513978	P39	Q141658028	P580	+1825-00-00T00:00:00Z/9	P582	+1847-00-00T00:00:00Z/9	P1365	Q8513946	P1366	Q8513986
Q8513986	P39	Q141658028	P580	+1847-00-00T00:00:00Z/9	P582	+1848-00-00T00:00:00Z/9	P1365	Q8513978	P1366	Q8513991
Q8513991	P39	Q141658028	P580	+1848-00-00T00:00:00Z/9	P582	+1868-00-00T00:00:00Z/9	P1365	Q8513986	P1366	Q8513967
Q8513967	P39	Q141658028	P580	+1868-00-00T00:00:00Z/9	P582	+1870-00-00T00:00:00Z/9	P1365	Q8513991
Q8514593	P39	Q141658029	P580	+1602-00-00T00:00:00Z/9	P582	+1625-00-00T00:00:00Z/9	P1366	Q8514636
Q8514636	P39	Q141658029	P580	+1625-00-00T00:00:00Z/9	P582	+1651-00-00T00:00:00Z/9	P1365	Q8514593	P1366	Q8514579
Q8514579	P39	Q141658029	P580	+1651-00-00T00:00:00Z/9	P582	+1673-00-00T00:00:00Z/9	P1365	Q8514636	P1366	Q8514629
Q8514629	P39	Q141658029	P580	+1673-00-00T00:00:00Z/9	P582	+1679-00-00T00:00:00Z/9	P1365	Q8514579	P1366	Q8514599
Q8514599	P39	Q141658029	P580	+1679-00-00T00:00:00Z/9	P582	+1701-00-00T00:00:00Z/9	P1365	Q8514629	P1366	Q8514573
Q8514573	P39	Q141658029	P580	+1701-00-00T00:00:00Z/9	P582	+1709-00-00T00:00:00Z/9	P1365	Q8514599	P1366	Q8515901
Q8515901	P39	Q141658029	P580	+1709-00-00T00:00:00Z/9	P582	+1765-00-00T00:00:00Z/9	P1365	Q8514573	P1366	Q8514611
Q8514611	P39	Q141658029	P580	+1765-00-00T00:00:00Z/9	P582	+1783-00-00T00:00:00Z/9	P1365	Q8515901	P1366	Q8514642
Q8514642	P39	Q141658029	P580	+1783-00-00T00:00:00Z/9	P582	+1801-00-00T00:00:00Z/9	P1365	Q8514611	P1366	Q8514617
Q8514617	P39	Q141658029	P580	+1801-00-00T00:00:00Z/9	P582	+1813-00-00T00:00:00Z/9	P1365	Q8514642	P1366	Q8514605
Q8514605	P39	Q141658029	P580	+1813-00-00T00:00:00Z/9	P582	+1835-00-00T00:00:00Z/9	P1365	Q8514617	P1366	Q8514623
Q8514623	P39	Q141658029	P580	+1835-00-00T00:00:00Z/9	P582	+1865-00-00T00:00:00Z/9	P1365	Q8514605	P1366	Q8514587
Q8514587	P39	Q141658029	P580	+1865-00-00T00:00:00Z/9	P582	+1871-00-00T00:00:00Z/9	P1365	Q8514623
Q5996119	P39	Q141658030	P580	+1640-00-00T00:00:00Z/9	P582	+1658-00-00T00:00:00Z/9	P1366	Q6529850
Q6529850	P39	Q141658030	P580	+1868-00-00T00:00:00Z/9	P582	+1871-00-00T00:00:00Z/9	P1365	Q5996119
Q8515510	P39	Q141658031	P580	+1662-00-00T00:00:00Z/9	P582	+1681-00-00T00:00:00Z/9
Q846206	P39	Q141658032	P580	+1602-00-00T00:00:00Z/9	P582	+1622-00-00T00:00:00Z/9	P1366	Q8514891
Q8514891	P39	Q141658032	P580	+1622-00-00T00:00:00Z/9	P582	+1634-00-00T00:00:00Z/9	P1365	Q846206	P1366	Q8514885
Q8514885	P39	Q141658032	P580	+1634-00-00T00:00:00Z/9	P582	+1670-00-00T00:00:00Z/9	P1365	Q8514891	P1366	Q8514975
Q8514975	P39	Q141658032	P580	+1670-00-00T00:00:00Z/9	P582	+1685-00-00T00:00:00Z/9	P1365	Q8514885	P1366	Q8514986
Q8514986	P39	Q141658032	P580	+1685-00-00T00:00:00Z/9	P582	+1712-00-00T00:00:00Z/9	P1365	Q8514975	P1366	Q8514980
Q8514980	P39	Q141658032	P580	+1712-00-00T00:00:00Z/9	P582	+1718-00-00T00:00:00Z/9	P1365	Q8514986	P1366	Q8514945
Q8514945	P39	Q141658032	P580	+1718-00-00T00:00:00Z/9	P582	+1747-00-00T00:00:00Z/9	P1365	Q8514980	P1366	Q6036695
Q6036695	P39	Q141658032	P580	+1747-00-00T00:00:00Z/9	P582	+1756-00-00T00:00:00Z/9	P1365	Q8514945	P1366	Q8515303
Q8515303	P39	Q141658032	P580	+1756-00-00T00:00:00Z/9	P582	+1810-00-00T00:00:00Z/9	P1365	Q6036695	P1366	Q8515330
Q8515330	P39	Q141658032	P580	+1810-00-00T00:00:00Z/9	P582	+1812-00-00T00:00:00Z/9	P1365	Q8515303	P1366	Q8515314
Q8515314	P39	Q141658032	P580	+1812-00-00T00:00:00Z/9	P582	+1829-00-00T00:00:00Z/9	P1365	Q8515330	P1366	Q8515308
Q8515308	P39	Q141658032	P580	+1829-00-00T00:00:00Z/9	P582	+1847-00-00T00:00:00Z/9	P1365	Q8515314	P1366	Q3208958
Q3208958	P39	Q141658032	P580	+1847-00-00T00:00:00Z/9	P582	+1862-00-00T00:00:00Z/9	P1365	Q8515308	P1366	Q8515320
Q8515320	P39	Q141658032	P580	+1862-00-00T00:00:00Z/9	P582	+1863-00-00T00:00:00Z/9	P1365	Q3208958	P1366	Q8515325
Q8515325	P39	Q141658032	P580	+1863-00-00T00:00:00Z/9	P582	+1871-00-00T00:00:00Z/9	P1365	Q8515320
Q6637970	P39	Q141658033	P580	+1679-00-00T00:00:00Z/9	P582	+1682-00-00T00:00:00Z/9	P1366	Q8515540
Q8515540	P39	Q141658033	P580	+1686-00-00T00:00:00Z/9	P582	+1694-00-00T00:00:00Z/9	P1365	Q6637970	P1366	Q8515551
Q8515551	P39	Q141658033	P580	+1694-00-00T00:00:00Z/9	P582	+1700-00-00T00:00:00Z/9	P1365	Q8515540	P1366	Q8515466
Q8515466	P39	Q141658033	P580	+1702-00-00T00:00:00Z/9	P582	+1717-00-00T00:00:00Z/9	P1365	Q8515551	P1366	Q8515460
Q8515460	P39	Q141658033	P580	+1717-00-00T00:00:00Z/9	P582	+1718-00-00T00:00:00Z/9	P1365	Q8515466	P1366	Q8515415
Q8515415	P39	Q141658033	P580	+1718-00-00T00:00:00Z/9	P582	+1743-00-00T00:00:00Z/9	P1365	Q8515460	P1366	Q8515421
Q8515421	P39	Q141658033	P580	+1743-00-00T00:00:00Z/9	P582	+1765-00-00T00:00:00Z/9	P1365	Q8515415	P1366	Q8516022
Q8516022	P39	Q141658033	P580	+1765-00-00T00:00:00Z/9	P582	+1766-00-00T00:00:00Z/9	P1365	Q8515421	P1366	Q8515433
Q8515433	P39	Q141658033	P580	+1766-00-00T00:00:00Z/9	P582	+1773-00-00T00:00:00Z/9	P1365	Q8516022	P1366	Q8515399
Q8515399	P39	Q141658033	P580	+1773-00-00T00:00:00Z/9	P582	+1775-00-00T00:00:00Z/9	P1365	Q8515433	P1366	Q107395
Q107395	P39	Q141658033	P580	+1775-00-00T00:00:00Z/9	P582	+1815-00-00T00:00:00Z/9	P1365	Q8515399	P1366	Q8515448
Q8515448	P39	Q141658033	P580	+1815-00-00T00:00:00Z/9	P582	+1834-00-00T00:00:00Z/9	P1365	Q107395	P1366	Q8515427
Q8515427	P39	Q141658033	P580	+1834-00-00T00:00:00Z/9	P582	+1866-00-00T00:00:00Z/9	P1365	Q8515448	P1366	Q8515404
Q8515404	P39	Q141658033	P580	+1866-00-00T00:00:00Z/9	P582	+1868-00-00T00:00:00Z/9	P1365	Q8515427	P1366	Q8515409
Q8515409	P39	Q141658033	P580	+1868-00-00T00:00:00Z/9	P582	+1869-00-00T00:00:00Z/9	P1365	Q8515404
Q8514867	P39	Q141658035	P580	+1622-00-00T00:00:00Z/9	P582	+1628-00-00T00:00:00Z/9	P1366	Q8515929
Q8515929	P39	Q141658035	P580	+1628-00-00T00:00:00Z/9	P582	+1679-00-00T00:00:00Z/9	P1365	Q8514867	P1366	Q8514875
Q8514875	P39	Q141658035	P580	+1679-00-00T00:00:00Z/9	P582	+1684-00-00T00:00:00Z/9	P1365	Q8515929
Q8514740	P39	Q141658039	P580	+1719-00-00T00:00:00Z/9	P582	+1747-00-00T00:00:00Z/9	P1366	Q8514730
Q8514730	P39	Q141658039	P580	+1747-00-00T00:00:00Z/9	P582	+1785-00-00T00:00:00Z/9	P1365	Q8514740	P1366	Q8514725
Q8514725	P39	Q141658039	P580	+1785-00-00T00:00:00Z/9	P582	+1815-00-00T00:00:00Z/9	P1365	Q8514730	P1366	Q8514736
Q8514736	P39	Q141658039	P580	+1815-00-00T00:00:00Z/9	P582	+1842-00-00T00:00:00Z/9	P1365	Q8514725	P1366	Q8514721
Q8514721	P39	Q141658039	P580	+1842-00-00T00:00:00Z/9	P582	+1869-00-00T00:00:00Z/9	P1365	Q8514736
Q1376605	P39	Q141658040	P580	+1601-00-00T00:00:00Z/9	P582	+1623-00-00T00:00:00Z/9	P1366	Q8514762
Q8514762	P39	Q141658040	P580	+1623-00-00T00:00:00Z/9	P582	+1645-00-00T00:00:00Z/9	P1365	Q1376605	P1366	Q8514779
Q8514779	P39	Q141658040	P580	+1645-00-00T00:00:00Z/9	P582	+1664-00-00T00:00:00Z/9	P1365	Q8514762	P1366	Q8514773
Q8514773	P39	Q141658040	P580	+1664-00-00T00:00:00Z/9	P582	+1703-00-00T00:00:00Z/9	P1365	Q8514779	P1366	Q8514785
Q8514785	P39	Q141658040	P580	+1703-00-00T00:00:00Z/9	P582	+1722-00-00T00:00:00Z/9	P1365	Q8514773	P1366	Q8514751
Q8514751	P39	Q141658040	P580	+1722-00-00T00:00:00Z/9	P582	+1734-00-00T00:00:00Z/9	P1365	Q8514785	P1366	Q8514757
Q8514757	P39	Q141658040	P580	+1734-00-00T00:00:00Z/9	P582	+1746-00-00T00:00:00Z/9	P1365	Q8514751	P1366	Q8514768
Q8514768	P39	Q141658040	P580	+1746-00-00T00:00:00Z/9	P582	+1767-00-00T00:00:00Z/9	P1365	Q8514757	P1366	Q1194899
Q1194899	P39	Q141658040	P580	+1767-00-00T00:00:00Z/9	P582	+1785-00-00T00:00:00Z/9	P1365	Q8514768	P1366	Q8514791
Q8514791	P39	Q141658040	P580	+1785-00-00T00:00:00Z/9	P582	+1812-00-00T00:00:00Z/9	P1365	Q1194899	P1366	Q8514745
Q8514745	P39	Q141658040	P580	+1812-00-00T00:00:00Z/9	P582	+1839-00-00T00:00:00Z/9	P1365	Q8514791	P1366	Q851776
Q851776	P39	Q141658040	P580	+1839-00-00T00:00:00Z/9	P582	+1869-00-00T00:00:00Z/9	P1365	Q8514745	P1366	Q851787
Q851787	P39	Q141658040	P580	+1869-00-00T00:00:00Z/9	P582	+1871-00-00T00:00:00Z/9	P1365	Q851776
Q8515388	P39	Q141658041	P580	+1798-00-00T00:00:00Z/9	P582	+1799-00-00T00:00:00Z/9	P1366	Q8516010
Q8516010	P39	Q141658041	P580	+1799-00-00T00:00:00Z/9	P582	+1853-00-00T00:00:00Z/9	P1365	Q8515388	P1366	Q8515377
Q8515377	P39	Q141658041	P580	+1854-00-00T00:00:00Z/9	P582	+1860-00-00T00:00:00Z/9	P1365	Q8516010	P1366	Q8515371
Q8515371	P39	Q141658041	P580	+1860-00-00T00:00:00Z/9	P582	+1865-00-00T00:00:00Z/9	P1365	Q8515377	P1366	Q8515384
Q8515384	P39	Q141658041	P580	+1865-00-00T00:00:00Z/9	P582	+1869-00-00T00:00:00Z/9	P1365	Q8515371
Q6635782	P39	Q141658042	P580	+1787-00-00T00:00:00Z/9	P582	+1796-00-00T00:00:00Z/9	P1366	Q6635794
Q6635794	P39	Q141658042	P580	+1796-00-00T00:00:00Z/9	P582	+1800-00-00T00:00:00Z/9	P1365	Q6635782	P1366	Q6635851
Q6635851	P39	Q141658042	P580	+1800-00-00T00:00:00Z/9	P582	+1803-00-00T00:00:00Z/9	P1365	Q6635794	P1366	Q6635805
Q6635805	P39	Q141658042	P580	+1803-00-00T00:00:00Z/9	P582	+1804-00-00T00:00:00Z/9	P1365	Q6635851	P1366	Q6635992
Q6635992	P39	Q141658042	P580	+1804-00-00T00:00:00Z/9	P582	+1823-00-00T00:00:00Z/9	P1365	Q6635805
Q8514715	P39	Q141658043	P580	+1767-00-00T00:00:00Z/9	P582	+1818-00-00T00:00:00Z/9	P1366	Q5370076
Q5370076	P39	Q141658043	P580	+1818-00-00T00:00:00Z/9	P582	+1830-00-00T00:00:00Z/9	P1365	Q8514715
Q7849967	P39	Q141658044	P580	+1809-00-00T00:00:00Z/9	P582	+1825-00-00T00:00:00Z/9	P1366	Q7849987
Q7849987	P39	Q141658044	P580	+1825-00-00T00:00:00Z/9	P582	+1839-00-00T00:00:00Z/9	P1365	Q7849967	P1366	Q7849984
Q7849984	P39	Q141658044	P580	+1839-00-00T00:00:00Z/9	P582	+1851-00-00T00:00:00Z/9	P1365	Q7849987	P1366	Q7849983
Q7849983	P39	Q141658044	P580	+1851-00-00T00:00:00Z/9	P582	+1871-00-00T00:00:00Z/9	P1365	Q7849984
Q8514136	P22	Q311183
Q311183	P40	Q8514136
Q8514073	P22	Q2948444
Q2948444	P40	Q8514073
Q10856339	P22	Q81374207
Q81374207	P40	Q10856339
Q10856339	P1038	Q8514073	P1039	Q20746742
Q8514073	P1038	Q10856339	P1039	Q20746725
Q8514097	P22	Q10885144
Q10885144	P40	Q8514097
Q8514097	P1038	Q10856339	P1039	Q20746742
Q10856339	P1038	Q8514097	P1039	Q20746725
Q8514102	P22	Q116151
Q116151	P40	Q8514102
Q8514102	P1038	Q11380784	P1039	Q20746742
Q11380784	P1038	Q8514102	P1039	Q20746725
Q8514091	P22	Q11380816
Q11380816	P40	Q8514091
Q8514091	P1038	Q8514102	P1039	Q20746742
Q8514102	P1038	Q8514091	P1039	Q20746725
Q8514085	P22	Q11427639
Q11427639	P40	Q8514085
Q8514085	P1038	Q8514091	P1039	Q20746742
Q8514091	P1038	Q8514085	P1039	Q20746725
Q8514068	P22	Q8514085
Q8514085	P40	Q8514068
Q8514062	P22	Q8514085
Q8514085	P40	Q8514062
Q8514107	P22	Q8514062
Q8514062	P40	Q8514107
Q8514107	P1038	Q846375	P1039	Q20746742
Q846375	P1038	Q8514107	P1039	Q20746725
Q843977	P22	Q11586338
Q11586338	P40	Q843977
Q843977	P1038	Q8514107	P1039	Q20746742
Q8514107	P1038	Q843977	P1039	Q20746725
Q8514079	P22	Q11586338
Q11586338	P40	Q8514079
Q8514079	P1038	Q843977	P1039	Q20746742
Q843977	P1038	Q8514079	P1039	Q20746725
Q8513920	P22	Q141655378
Q141655378	P40	Q8513920
Q8513890	P22	Q8513920
Q8513920	P40	Q8513890
Q8514396	P22	Q141655379
Q141655379	P40	Q8514396
Q8514396	P1038	Q8513890	P1039	Q20746742
Q8513890	P1038	Q8514396	P1039	Q20746725
Q8513836	P22	Q1371657
Q1371657	P40	Q8513836
Q8514342	P22	Q8514347
Q8514347	P40	Q8514342
Q4701235	P22	Q4701233
Q4701233	P40	Q4701235
Q8514679	P22	Q4701235
Q4701235	P40	Q8514679
Q8514668	P22	Q8514679
Q8514679	P40	Q8514668
Q8514697	P22	Q111191156
Q111191156	P40	Q8514697
Q8514660	P22	Q8514697
Q8514697	P40	Q8514660
Q8514685	P22	Q8514697
Q8514697	P40	Q8514685
Q8514703	P22	Q8514660
Q8514660	P40	Q8514703
Q8514703	P1038	Q8514685	P1039	Q20746742
Q8514685	P1038	Q8514703	P1039	Q20746725
Q8514654	P22	Q8514703
Q8514703	P40	Q8514654
Q8514666	P22	Q8514703
Q8514703	P40	Q8514666
Q8514674	P22	Q8514666
Q8514666	P40	Q8514674
Q8514691	P22	Q8514674
Q8514674	P40	Q8514691
Q5370070	P22	Q11530618
Q11530618	P40	Q5370070
Q8515976	P22	Q8192119
Q8192119	P40	Q8515976
Q8515976	P1038	Q5370070	P1039	Q20746742
Q5370070	P1038	Q8515976	P1039	Q20746725
Q8513824	P22	Q5520435
Q5520435	P40	Q8513824
Q8514993	P22	Q11423374
Q11423374	P40	Q8514993
Q8515950	P22	Q8514993
Q8514993	P40	Q8515950
Q8513845	P22	Q11647300
Q11647300	P40	Q8513845
Q8515039	P22	Q11069766
Q11069766	P40	Q8515039
Q8514999	P22	Q8515039
Q8515039	P40	Q8514999
Q8515021	P22	Q11069907
Q11069907	P40	Q8515021
Q8515021	P1038	Q8514999	P1039	Q20746742
Q8514999	P1038	Q8515021	P1039	Q20746725
Q8515052	P22	Q8515021
Q8515021	P40	Q8515052
Q8515079	P22	Q8515052
Q8515052	P40	Q8515079
Q8515058	P22	Q8515052
Q8515052	P40	Q8515058
Q8515058	P1038	Q8515079	P1039	Q20746742
Q8515079	P1038	Q8515058	P1039	Q20746725
Q8515055	P22	Q11530411
Q11530411	P40	Q8515055
Q8515055	P1038	Q8515058	P1039	Q20746742
Q8515058	P1038	Q8515055	P1039	Q20746725
Q8515043	P22	Q8515055
Q8515055	P40	Q8515043
Q6788058	P22	Q8515043
Q8515043	P40	Q6788058
Q8515053	P22	Q8515043
Q8515043	P40	Q8515053
Q8514143	P22	Q846370
Q846370	P40	Q8514143
Q8514143	P1038	Q11380725	P1039	Q20746742
Q11380725	P1038	Q8514143	P1039	Q20746725
Q8514527	P22	Q11383418
Q11383418	P40	Q8514527
Q8514521	P22	Q8514527
Q8514527	P40	Q8514521
Q8514521	P1038	Q8514480	P1039	Q20746742
Q8514480	P1038	Q8514521	P1039	Q20746725
Q1071525	P22	Q1133798
Q1133798	P40	Q1071525
Q8514544	P22	Q11474331
Q11474331	P40	Q8514544
Q8514544	P1038	Q1071525	P1039	Q20746742
Q1071525	P1038	Q8514544	P1039	Q20746725
Q8514497	P22	Q8514544
Q8514544	P40	Q8514497
Q8514533	P22	Q8514497
Q8514497	P40	Q8514533
Q8514480	P22	Q8514455
Q8514455	P40	Q8514480
Q8514480	P1038	Q8514533	P1039	Q20746742
Q8514533	P1038	Q8514480	P1039	Q20746725
Q8514461	P22	Q8514521
Q8514521	P40	Q8514461
Q8514461	P1038	Q8514480	P1039	Q20746742
Q8514480	P1038	Q8514461	P1039	Q20746725
Q8514556	P22	Q8514486
Q8514486	P40	Q8514556
Q8514556	P1038	Q8514461	P1039	Q20746742
Q8514461	P1038	Q8514556	P1039	Q20746725
Q847002	P22	Q8514556
Q8514556	P40	Q847002
Q8514468	P22	Q847002
Q847002	P40	Q8514468
Q8514561	P22	Q8514468
Q8514468	P40	Q8514561
Q8514515	P22	Q8514561
Q8514561	P40	Q8514515
Q8514549	P22	Q8514605
Q8514605	P40	Q8514549
Q8514549	P1038	Q8514503	P1039	Q20746742
Q8514503	P1038	Q8514549	P1039	Q20746725
Q8514797	P22	Q1133798
Q1133798	P40	Q8514797
Q8514797	P1038	Q110889387	P1039	Q20746742
Q110889387	P1038	Q8514797	P1039	Q20746725
Q8514847	P22	Q8514797
Q8514797	P40	Q8514847
Q8514851	P22	Q11474311
Q11474311	P40	Q8514851
Q8514821	P22	Q11380814
Q11380814	P40	Q8514821
Q8514821	P1038	Q108907653	P1039	Q20746742
Q108907653	P1038	Q8514821	P1039	Q20746725
Q8514831	P22	Q11380800
Q11380800	P40	Q8514831
Q8514807	P22	Q8514831
Q8514831	P40	Q8514807
Q8514841	P22	Q8514807
Q8514807	P40	Q8514841
Q8514803	P22	Q8514841
Q8514841	P40	Q8514803
Q8515920	P22	Q8514841
Q8514841	P40	Q8515920
Q8514816	P22	Q8514841
Q8514841	P40	Q8514816
Q8514835	P22	Q8514841
Q8514841	P40	Q8514835
Q8514827	P22	Q11427649
Q11427649	P40	Q8514827
Q8514827	P1038	Q8514835	P1039	Q20746742
Q8514835	P1038	Q8514827	P1039	Q20746725
Q8514347	P22	Q11528912
Q11528912	P40	Q8514347
Q8514046	P22	Q909763
Q909763	P40	Q8514046
Q8514019	P22	Q8514046
Q8514046	P40	Q8514019
Q8514025	P22	Q8514046
Q8514046	P40	Q8514025
Q8514052	P22	Q8514025
Q8514025	P40	Q8514052
Q8514040	P22	Q110821707
Q110821707	P40	Q8514040
Q8514040	P1038	Q8514052	P1039	Q20746742
Q8514052	P1038	Q8514040	P1039	Q20746725
Q8514034	P22	Q8514040
Q8514040	P40	Q8514034
Q8514030	P22	Q8514034
Q8514034	P40	Q8514030
Q8013088	P22	Q8514030
Q8514030	P40	Q8013088
Q7041869	P22	Q8013088
Q8013088	P40	Q7041869
Q7041862	P22	Q7041869
Q7041869	P40	Q7041862
Q7041864	P22	Q851776
Q851776	P40	Q7041864
Q7041864	P1038	Q7041862	P1039	Q20746742
Q7041862	P1038	Q7041864	P1039	Q20746725
Q8514057	P22	Q141655380
Q141655380	P40	Q8514057
Q8514057	P1038	Q141655381	P1039	Q20746742
Q141655381	P1038	Q8514057	P1039	Q20746725
Q311183	P22	Q2625556
Q2625556	P40	Q311183
Q115852	P22	Q311183
Q311183	P40	Q115852
Q846370	P22	Q115852
Q115852	P40	Q846370
Q5227557	P22	Q846370
Q846370	P40	Q5227557
Q116151	P22	Q11380721
Q11380721	P40	Q116151
Q116151	P1038	Q5227557	P1039	Q20746742
Q5227557	P1038	Q116151	P1039	Q20746725
Q5227536	P22	Q116151
Q116151	P40	Q5227536
Q846378	P22	Q5227536
Q5227536	P40	Q846378
Q5227543	P22	Q846378
Q846378	P40	Q5227543
Q7201026	P22	Q8514091
Q8514091	P40	Q7201026
Q7201026	P1038	Q5227540	P1039	Q20746742
Q5227540	P1038	Q7201026	P1039	Q20746725
Q5227539	P22	Q11380708
Q11380708	P40	Q5227539
Q5227539	P1038	Q7201026	P1039	Q20746742
Q7201026	P1038	Q5227539	P1039	Q20746725
Q846375	P22	Q7201026
Q7201026	P40	Q846375
Q846375	P1038	Q5227539	P1039	Q20746742
Q5227539	P1038	Q846375	P1039	Q20746725
Q5227534	P22	Q846375
Q846375	P40	Q5227534
Q7224597	P22	Q862949
Q862949	P40	Q7224597
Q7224597	P1038	Q846375	P1039	Q20746742
Q846375	P1038	Q7224597	P1039	Q20746725
Q5227519	P22	Q5227543
Q5227543	P40	Q5227519
Q5227540	P22	Q5227543
Q5227543	P40	Q5227540
Q5520435	P22	Q906580
Q906580	P40	Q5520435
Q8513818	P22	Q5520435
Q5520435	P40	Q8513818
Q1371657	P22	Q56348388
Q56348388	P40	Q1371657
Q8012693	P22	Q1371657
Q1371657	P40	Q8012693
Q837236	P22	Q314464
Q314464	P40	Q837236
Q837236	P1038	Q2478488	P1039	Q20746742
Q2478488	P1038	Q837236	P1039	Q20746725
Q11286854	P22	Q837236
Q837236	P40	Q11286854
Q11239143	P22	Q837236
Q837236	P40	Q11239143
Q11239143	P1038	Q11286854	P1039	Q20746742
Q11286854	P1038	Q11239143	P1039	Q20746725
Q11239086	P22	Q11239143
Q11239143	P40	Q11239086
Q11239084	P22	Q11239086
Q11239086	P40	Q11239084
Q11239089	P22	Q11530406
Q11530406	P40	Q11239089
Q846169	P22	Q11239089
Q11239089	P40	Q846169
Q846200	P22	Q11530566
Q11530566	P40	Q846200
Q846200	P1038	Q846169	P1039	Q20746742
Q846169	P1038	Q846200	P1039	Q20746725
Q569441	P22	Q11530568
Q11530568	P40	Q569441
Q569441	P1038	Q846200	P1039	Q20746742
Q846200	P1038	Q569441	P1039	Q20746725
Q930282	P22	Q1323770
Q1323770	P40	Q930282
Q930282	P1038	Q569441	P1039	Q20746742
Q569441	P1038	Q930282	P1039	Q20746725
Q8515181	P22	Q8515202
Q8515202	P40	Q8515181
Q8513884	P22	Q1143534
Q1143534	P40	Q8513884
Q8513878	P22	Q8513884
Q8513884	P40	Q8513878
Q8513996	P22	Q8514003
Q8514003	P40	Q8513996
Q8513996	P1038	Q8513878	P1039	Q20746742
Q8513878	P1038	Q8513996	P1039	Q20746725
Q8514014	P22	Q8513996
Q8513996	P40	Q8514014
Q8513907	P22	Q8514014
Q8514014	P40	Q8513907
Q8513913	P22	Q8513907
Q8513907	P40	Q8513913
Q8513934	P22	Q8513913
Q8513913	P40	Q8513934
Q8513895	P22	Q8513913
Q8513913	P40	Q8513895
Q109957	P22	Q8013051
Q8013051	P40	Q109957
Q109957	P1038	Q8513895	P1039	Q20746742
Q8513895	P1038	Q109957	P1039	Q20746725
Q8513830	P22	Q1069843
Q1069843	P40	Q8513830
Q8515187	P22	Q5367620
Q5367620	P40	Q8515187
Q8515208	P22	Q8515187
Q8515187	P40	Q8515208
Q8515226	P22	Q11644228
Q11644228	P40	Q8515226
Q8515226	P1038	Q8515208	P1039	Q20746742
Q8515208	P1038	Q8515226	P1039	Q20746725
Q8515254	P22	Q8515226
Q8515226	P40	Q8515254
Q8515157	P22	Q11644188
Q11644188	P40	Q8515157
Q8515157	P1038	Q8515254	P1039	Q20746742
Q8515254	P1038	Q8515157	P1039	Q20746725
Q8515175	P22	Q8515157
Q8515157	P40	Q8515175
Q8515231	P22	Q8515175
Q8515175	P40	Q8515231
Q8515169	P22	Q8515231
Q8515231	P40	Q8515169
Q8515533	P22	Q10520501
Q10520501	P40	Q8515533
Q8515264	P22	Q5367620
Q5367620	P40	Q8515264
Q5370076	P22	Q8514715
Q8514715	P40	Q5370076
Q8514709	P22	Q5370076
Q5370076	P40	Q8514709
Q5370072	P22	Q8514709
Q8514709	P40	Q5370072
Q5370045	P22	Q8514709
Q8514709	P40	Q5370045
Q5370045	P1038	Q5370072	P1039	Q20746742
Q5370072	P1038	Q5370045	P1039	Q20746725
Q6638114	P22	Q6638460
Q6638460	P40	Q6638114
Q6638400	P22	Q6638114
Q6638114	P40	Q6638400
Q6638055	P22	Q6638400
Q6638400	P40	Q6638055
Q11239157	P22	Q6638055
Q6638055	P40	Q11239157
Q6638299	P22	Q11239157
Q11239157	P40	Q6638299
Q11239153	P22	Q6638299
Q6638299	P40	Q11239153
Q6638511	P22	Q1323770
Q1323770	P40	Q6638511
Q6638511	P1038	Q11239153	P1039	Q20746742
Q11239153	P1038	Q6638511	P1039	Q20746725
Q839377	P22	Q11515462
Q11515462	P40	Q839377
Q8514439	P22	Q839377
Q839377	P40	Q8514439
Q8514354	P22	Q8514439
Q8514439	P40	Q8514354
Q846206	P22	Q665518
Q665518	P40	Q846206
Q850933	P22	Q846206
Q846206	P40	Q850933
Q5324923	P22	Q1130929
Q1130929	P40	Q5324923
Q11239138	P22	Q6788072
Q6788072	P40	Q11239138
Q8515360	P22	Q11445771
Q11445771	P40	Q8515360
Q8515354	P22	Q11372330
Q11372330	P40	Q8515354
Q8515354	P1038	Q8515360	P1039	Q20746742
Q8515360	P1038	Q8515354	P1039	Q20746725
Q8515540	P22	Q936047
Q936047	P40	Q8515540
Q399755	P22	Q5324923
Q5324923	P40	Q399755
Q11239123	P22	Q11530506
Q11530506	P40	Q11239123
Q8515551	P22	Q936047
Q936047	P40	Q8515551
Q8515551	P1038	Q8515540	P1039	Q20746742
Q8515540	P1038	Q8515551	P1039	Q20746725
Q8514861	P22	Q11427645
Q11427645	P40	Q8514861
Q8514861	P1038	Q8515551	P1039	Q20746742
Q8515551	P1038	Q8514861	P1039	Q20746725
Q8515546	P22	Q11427642
Q11427642	P40	Q8515546
Q8515546	P1038	Q8515551	P1039	Q20746742
Q8515551	P1038	Q8515546	P1039	Q20746725
Q8515003	P22	Q10729497
Q10729497	P40	Q8515003
Q8515279	P22	Q141655382
Q141655382	P40	Q8515279
Q8515279	P1038	Q11594838	P1039	Q20746742
Q11594838	P1038	Q8515279	P1039	Q20746725
Q8515285	P22	Q141655383
Q141655383	P40	Q8515285
Q8515285	P1038	Q8515279	P1039	Q20746742
Q8515279	P1038	Q8515285	P1039	Q20746725
Q8515297	P22	Q8515285
Q8515285	P40	Q8515297
Q8515291	P22	Q11547631
Q11547631	P40	Q8515291
Q8515291	P1038	Q8515297	P1039	Q20746742
Q8515297	P1038	Q8515291	P1039	Q20746725
Q5368702	P22	Q2975848
Q2975848	P40	Q5368702
Q8514455	P22	Q8514544
Q8514544	P40	Q8514455
Q8514486	P22	Q11383449
Q11383449	P40	Q8514486
Q8514486	P1038	Q8514455	P1039	Q20746742
Q8514455	P1038	Q8514486	P1039	Q20746725
Q8514539	P22	Q8514486
Q8514486	P40	Q8514539
Q8514473	P22	Q11383441
Q11383441	P40	Q8514473
Q8514473	P1038	Q8514539	P1039	Q20746742
Q8514539	P1038	Q8514473	P1039	Q20746725
Q8514509	P22	Q8514473
Q8514473	P40	Q8514509
Q8514503	P22	Q109183432
Q109183432	P40	Q8514503
Q8514503	P1038	Q8514509	P1039	Q20746742
Q8514509	P1038	Q8514503	P1039	Q20746725
Q8514491	P22	Q8514605
Q8514605	P40	Q8514491
Q5370062	P22	Q8514623
Q8514623	P40	Q5370062
Q5370062	P1038	Q8514491	P1039	Q20746742
Q8514491	P1038	Q5370062	P1039	Q20746725
Q2948444	P22	Q115852
Q115852	P40	Q2948444
Q8515152	P22	Q11644074
Q11644074	P40	Q8515152
Q5367620	P22	Q11644074
Q11644074	P40	Q5367620
Q8515163	P22	Q5367620
Q5367620	P40	Q8515163
Q8515220	P22	Q8515163
Q8515163	P40	Q8515220
Q8515237	P22	Q8515220
Q8515220	P40	Q8515237
Q8515214	P22	Q8515208
Q8515208	P40	Q8515214
Q8515214	P1038	Q8515237	P1039	Q20746742
Q8515237	P1038	Q8515214	P1039	Q20746725
Q8515986	P22	Q8515214
Q8515214	P40	Q8515986
Q8515193	P22	Q8515986
Q8515986	P40	Q8515193
Q8515249	P22	Q8515193
Q8515193	P40	Q8515249
Q8515202	P22	Q8515249
Q8515249	P40	Q8515202
Q8515259	P22	Q8515249
Q8515249	P40	Q8515259
Q8515243	P22	Q8515202
Q8515202	P40	Q8515243
Q8515243	P1038	Q8515259	P1039	Q20746742
Q8515259	P1038	Q8515243	P1039	Q20746725
Q909029	P22	Q11437442
Q11437442	P40	Q909029
Q909029	P1038	Q11437457	P1039	Q20746742
Q11437457	P1038	Q909029	P1039	Q20746725
Q837782	P22	Q909029
Q909029	P40	Q837782
Q838192	P22	Q837782
Q837782	P40	Q838192
Q7849976	P22	Q838192
Q838192	P40	Q7849976
Q7849975	P22	Q7849976
Q7849976	P40	Q7849975
Q7849971	P22	Q11255668
Q11255668	P40	Q7849971
Q7849971	P1038	Q7849975	P1039	Q20746742
Q7849975	P1038	Q7849971	P1039	Q20746725
Q7849978	P22	Q7849971
Q7849971	P40	Q7849978
Q7849974	P22	Q7849978
Q7849978	P40	Q7849974
Q7849985	P22	Q11255683
Q11255683	P40	Q7849985
Q7849985	P1038	Q7849974	P1039	Q20746742
Q7849974	P1038	Q7849985	P1039	Q20746725
Q7849979	P22	Q7849985
Q7849985	P40	Q7849979
Q7849987	P22	Q11530346
Q11530346	P40	Q7849987
Q7849987	P1038	Q7849967	P1039	Q20746742
Q7849967	P1038	Q7849987	P1039	Q20746725
Q7849981	P22	Q11605913
Q11605913	P40	Q7849981
Q7849981	P1038	Q7849987	P1039	Q20746742
Q7849987	P1038	Q7849981	P1039	Q20746725
Q844093	P22	Q569441
Q569441	P40	Q844093
Q5368867	P22	Q10297028
Q10297028	P40	Q5368867
Q8514153	P22	Q5368867
Q5368867	P40	Q8514153
Q8514175	P22	Q141655384
Q141655384	P40	Q8514175
Q8514175	P1038	Q8514153	P1039	Q20746742
Q8514153	P1038	Q8514175	P1039	Q20746725
Q8514181	P22	Q8514175
Q8514175	P40	Q8514181
Q8514159	P22	Q8514175
Q8514175	P40	Q8514159
Q8514159	P1038	Q8514181	P1039	Q20746742
Q8514181	P1038	Q8514159	P1039	Q20746725
Q8514200	P22	Q8514159
Q8514159	P40	Q8514200
Q8514164	P22	Q8514175
Q8514175	P40	Q8514164
Q8514164	P1038	Q8514200	P1039	Q20746742
Q8514200	P1038	Q8514164	P1039	Q20746725
Q8514195	P22	Q134546458
Q134546458	P40	Q8514195
Q8514195	P1038	Q8514164	P1039	Q20746742
Q8514164	P1038	Q8514195	P1039	Q20746725
Q8514170	P22	Q8514195
Q8514195	P40	Q8514170
Q8514423	P22	Q8514170
Q8514170	P40	Q8514423
Q8514189	P22	Q8514423
Q8514423	P40	Q8514189
Q8514212	P22	Q23986622
Q23986622	P40	Q8514212
Q8514252	P22	Q8514212
Q8514212	P40	Q8514252
Q8514218	P22	Q8514252
Q8514252	P40	Q8514218
Q8514264	P22	Q8514218
Q8514218	P40	Q8514264
Q8514206	P22	Q8514264
Q8514264	P40	Q8514206
Q8514224	P22	Q141655385
Q141655385	P40	Q8514224
Q8514224	P1038	Q8514206	P1039	Q20746742
Q8514206	P1038	Q8514224	P1039	Q20746725
Q8514240	P22	Q8514224
Q8514224	P40	Q8514240
Q8514235	P22	Q8514240
Q8514240	P40	Q8514235
Q8514230	P22	Q11392586
Q11392586	P40	Q8514230
Q8514230	P1038	Q8514235	P1039	Q20746742
Q8514235	P1038	Q8514230	P1039	Q20746725
Q8514259	P22	Q8514230
Q8514230	P40	Q8514259
Q8514246	P22	Q8514259
Q8514259	P40	Q8514246
Q5370089	P22	Q11520007
Q11520007	P40	Q5370089
Q8516032	P22	Q135227837
Q135227837	P40	Q8516032
Q8516032	P1038	Q5370089	P1039	Q20746742
Q5370089	P1038	Q8516032	P1039	Q20746725
Q844035	P22	Q10514629
Q10514629	P40	Q844035
Q8514279	P22	Q11239190
Q11239190	P40	Q8514279
Q8514336	P22	Q8514279
Q8514279	P40	Q8514336
Q8514302	P22	Q8514336
Q8514336	P40	Q8514302
Q8514298	P22	Q8514302
Q8514302	P40	Q8514298
Q8514273	P22	Q141655386
Q141655386	P40	Q8514273
Q8514319	P22	Q8514273
Q8514273	P40	Q8514319
Q8514314	P22	Q8514319
Q8514319	P40	Q8514314
Q8514326	P22	Q8514314
Q8514314	P40	Q8514326
Q8514331	P22	Q11529322
Q11529322	P40	Q8514331
Q8514308	P22	Q11529322
Q11529322	P40	Q8514308
Q6788127	P22	Q8514326
Q8514326	P40	Q6788127
Q8514292	P22	Q8514308
Q8514308	P40	Q8514292
Q8514285	P22	Q8514292
Q8514292	P40	Q8514285
Q10729501	P22	Q10729463
Q10729463	P40	Q10729501
Q10729501	P1038	Q11239138	P1039	Q20746742
Q11239138	P1038	Q10729501	P1039	Q20746725
Q8515098	P1038	Q10729501	P1039	Q20746742
Q10729501	P1038	Q8515098	P1039	Q20746725
Q8515092	P22	Q8515098
Q8515098	P40	Q8515092
Q6636998	P22	Q843245
Q843245	P40	Q6636998
Q11239162	P22	Q6636998
Q6636998	P40	Q11239162
Q11239159	P22	Q11239162
Q11239162	P40	Q11239159
Q6636871	P22	Q982743
Q982743	P40	Q6636871
Q6636871	P1038	Q1052927	P1039	Q20746742
Q1052927	P1038	Q6636871	P1039	Q20746725
Q1071770	P22	Q859759
Q859759	P40	Q1071770
Q909763	P22	Q2900560
Q2900560	P40	Q909763
Q8513870	P22	Q11394459
Q11394459	P40	Q8513870
Q8513864	P22	Q8513870
Q8513870	P40	Q8513864
Q8514880	P22	Q11394449
Q11394449	P40	Q8514880
Q8514880	P1038	Q8513864	P1039	Q20746742
Q8513864	P1038	Q8514880	P1039	Q20746725
Q8515365	P22	Q11070291
Q11070291	P40	Q8515365
Q11239141	P22	Q6638044
Q6638044	P40	Q11239141
Q11239141	P1038	Q11530500	P1039	Q20746742
Q11530500	P1038	Q11239141	P1039	Q20746725
Q8515344	P22	Q11463419
Q11463419	P40	Q8515344
Q8515349	P22	Q8515344
Q8515344	P40	Q8515349
Q8515338	P22	Q8515349
Q8515349	P40	Q8515338
Q6036685	P22	Q6036682
Q6036682	P40	Q6036685
Q8013036	P22	Q6036685
Q6036685	P40	Q8013036
Q8515128	P22	Q3538594
Q3538594	P40	Q8515128
Q8515122	P22	Q3538594
Q3538594	P40	Q8515122
Q8515135	P22	Q8515122
Q8515122	P40	Q8515135
Q6526602	P22	Q132435905
Q132435905	P40	Q6526602
Q6526602	P1038	Q8515135	P1039	Q20746742
Q8515135	P1038	Q6526602	P1039	Q20746725
Q8012981	P22	Q6526165
Q6526165	P40	Q8012981
Q8012956	P22	Q8013925
Q8013925	P40	Q8012956
Q8514963	P22	Q8514891
Q8514891	P40	Q8514963
Q8514937	P22	Q8514963
Q8514963	P40	Q8514937
Q8514908	P22	Q8514937
Q8514937	P40	Q8514908
Q8515454	P22	Q141655387
Q141655387	P40	Q8515454
Q8515454	P1038	Q11532524	P1039	Q20746742
Q11532524	P1038	Q8515454	P1039	Q20746725
Q8515440	P22	Q8515454
Q8515454	P40	Q8515440
Q8515496	P22	Q11520027
Q11520027	P40	Q8515496
Q8515501	P22	Q8515496
Q8515496	P40	Q8515501
Q8515486	P22	Q8515501
Q8515501	P40	Q8515486
Q8516028	P22	Q8515486
Q8515486	P40	Q8516028
Q8516025	P22	Q8516028
Q8516028	P40	Q8516025
Q8515516	P22	Q8516028
Q8516028	P40	Q8515516
Q8515475	P22	Q109357699
Q109357699	P40	Q8515475
Q8515475	P1038	Q8515516	P1039	Q20746742
Q8515516	P1038	Q8515475	P1039	Q20746725
Q8515481	P22	Q8515491
Q8515491	P40	Q8515481
Q8515522	P22	Q8515491
Q8515491	P40	Q8515522
Q8515522	P1038	Q8515481	P1039	Q20746742
Q8515481	P1038	Q8515522	P1039	Q20746725
Q8514148	P22	Q8514885
Q8514885	P40	Q8514148
Q8515943	P22	Q113244841
Q113244841	P40	Q8515943
Q8515943	P1038	Q8514148	P1039	Q20746742
Q8514148	P1038	Q8515943	P1039	Q20746725
Q8513874	P22	Q113244807
Q113244807	P40	Q8513874
Q8513874	P1038	Q8515943	P1039	Q20746742
Q8515943	P1038	Q8513874	P1039	Q20746725
Q8514914	P22	Q8513874
Q8513874	P40	Q8514914
Q8514902	P22	Q8514914
Q8514914	P40	Q8514902
Q6992919	P22	Q6993442
Q6993442	P40	Q6992919
Q6992919	P1038	Q8514902	P1039	Q20746742
Q8514902	P1038	Q6992919	P1039	Q20746725
Q8514969	P22	Q6992919
Q6992919	P40	Q8514969
Q8514931	P22	Q6992919
Q6992919	P40	Q8514931
Q8514931	P1038	Q8514969	P1039	Q20746742
Q8514969	P1038	Q8514931	P1039	Q20746725
Q6832237	P22	Q6832332
Q6832332	P40	Q6832237
Q6832237	P1038	Q8514951	P1039	Q20746742
Q8514951	P1038	Q6832237	P1039	Q20746725
Q8514957	P1038	Q6832237	P1039	Q20746742
Q6832237	P1038	Q8514957	P1039	Q20746725
Q8514926	P22	Q6832237
Q6832237	P40	Q8514926
Q8514926	P1038	Q8514957	P1039	Q20746742
Q8514957	P1038	Q8514926	P1039	Q20746725
Q8514897	P1038	Q6638028	P1039	Q20746742
Q6638028	P1038	Q8514897	P1039	Q20746725
Q8515268	P22	Q5368978
Q5368978	P40	Q8515268
Q8515491	P22	Q3275929
Q3275929	P40	Q8515491
Q8515528	P22	Q8515491
Q8515491	P40	Q8515528
Q11239147	P22	Q399755
Q399755	P40	Q11239147
Q11239149	P22	Q8515140
Q8515140	P40	Q11239149
Q6637949	P22	Q6638114
Q6638114	P40	Q6637949
Q6637949	P1038	Q10729406	P1039	Q20746742
Q10729406	P1038	Q6637949	P1039	Q20746725
Q10729371	P22	Q6637949
Q6637949	P40	Q10729371
Q284038	P22	Q2439046
Q2439046	P40	Q284038
Q284038	P1038	Q10729371	P1039	Q20746742
Q10729371	P1038	Q284038	P1039	Q20746725
Q10729424	P22	Q284038
Q284038	P40	Q10729424
Q318178	P22	Q3331296
Q3331296	P40	Q318178
Q8013604	P22	Q141655388
Q141655388	P40	Q8013604
Q8013604	P1038	Q318178	P1039	Q20746742
Q318178	P1038	Q8013604	P1039	Q20746725
Q8013532	P22	Q11530346
Q11530346	P40	Q8013532
Q8013532	P1038	Q8013604	P1039	Q20746742
Q8013604	P1038	Q8013532	P1039	Q20746725
Q8013567	P22	Q11436057
Q11436057	P40	Q8013567
Q8013299	P22	Q6527504
Q6527504	P40	Q8013299
Q8013925	P22	Q10565449
Q10565449	P40	Q8013925
Q8013925	P1038	Q8013299	P1039	Q20746742
Q8013299	P1038	Q8013925	P1039	Q20746725
Q6526165	P22	Q6527504
Q6527504	P40	Q6526165
Q1143534	P22	Q3137467
Q3137467	P40	Q1143534
Q6962458	P22	Q1143534
Q1143534	P40	Q6962458
Q8514003	P22	Q1143534
Q1143534	P40	Q8514003
Q8514003	P1038	Q6962458	P1039	Q20746742
Q6962458	P1038	Q8514003	P1039	Q20746725
Q8514008	P22	Q8514003
Q8514003	P40	Q8514008
Q8513901	P22	Q8514008
Q8514008	P40	Q8513901
Q8514401	P22	Q8514008
Q8514008	P40	Q8514401
Q8513962	P22	Q8513901
Q8513901	P40	Q8513962
Q8513972	P22	Q8514401
Q8514401	P40	Q8513972
Q8513940	P22	Q8513962
Q8513962	P40	Q8513940
Q8514408	P22	Q8513940
Q8513940	P40	Q8514408
Q8513952	P22	Q141655389
Q141655389	P40	Q8513952
Q8513952	P1038	Q8514408	P1039	Q20746742
Q8514408	P1038	Q8513952	P1039	Q20746725
Q8513946	P22	Q141655390
Q141655390	P40	Q8513946
Q8513946	P1038	Q8514408	P1039	Q20746742
Q8514408	P1038	Q8513946	P1039	Q20746725
Q8513978	P22	Q11408512
Q11408512	P40	Q8513978
Q8513986	P22	Q8513978
Q8513978	P40	Q8513986
Q8513991	P22	Q8513978
Q8513978	P40	Q8513991
Q8513967	P22	Q8513991
Q8513991	P40	Q8513967
Q8514593	P22	Q7559115
Q7559115	P40	Q8514593
Q8514599	P22	Q8514579
Q8514579	P40	Q8514599
Q8514599	P1038	Q8514629	P1039	Q20746742
Q8514629	P1038	Q8514599	P1039	Q20746725
Q8514573	P22	Q8514497
Q8514497	P40	Q8514573
Q8514573	P1038	Q8514599	P1039	Q20746742
Q8514599	P1038	Q8514573	P1039	Q20746725
Q8515901	P22	Q8514599
Q8514599	P40	Q8515901
Q8515901	P1038	Q8514573	P1039	Q20746742
Q8514573	P1038	Q8515901	P1039	Q20746725
Q8514611	P22	Q11582501
Q11582501	P40	Q8514611
Q8514611	P1038	Q8515901	P1039	Q20746742
Q8515901	P1038	Q8514611	P1039	Q20746725
Q8514642	P22	Q8514611
Q8514611	P40	Q8514642
Q8514617	P22	Q8514642
Q8514642	P40	Q8514617
Q8514605	P22	Q8514642
Q8514642	P40	Q8514605
Q8514605	P1038	Q8514617	P1039	Q20746742
Q8514617	P1038	Q8514605	P1039	Q20746725
Q8514623	P22	Q8514605
Q8514605	P40	Q8514623
Q8514587	P22	Q8514623
Q8514623	P40	Q8514587
Q5996119	P22	Q11574929
Q11574929	P40	Q5996119
Q6529707	P22	Q5996119
Q5996119	P40	Q6529707
Q6529850	P22	Q6529823
Q6529823	P40	Q6529850
Q8515510	P22	Q8515491
Q8515491	P40	Q8515510
Q8514891	P22	Q8010346
Q8010346	P40	Q8514891
Q8514885	P22	Q8514891
Q8514891	P40	Q8514885
Q8514975	P22	Q8514885
Q8514885	P40	Q8514975
Q8514986	P22	Q8514975
Q8514975	P40	Q8514986
Q8514980	P22	Q8514986
Q8514986	P40	Q8514980
Q8514945	P22	Q10517132
Q10517132	P40	Q8514945
Q8514945	P1038	Q8514980	P1039	Q20746742
Q8514980	P1038	Q8514945	P1039	Q20746725
Q6036695	P22	Q11373063
Q11373063	P40	Q6036695
Q8515303	P22	Q11067929
Q11067929	P40	Q8515303
Q8515330	P22	Q8515303
Q8515303	P40	Q8515330
Q8515314	P22	Q11067901
Q11067901	P40	Q8515314
Q8515314	P1038	Q8515330	P1039	Q20746742
Q8515330	P1038	Q8515314	P1039	Q20746725
Q8515308	P22	Q8515330
Q8515330	P40	Q8515308
Q8515308	P1038	Q8515314	P1039	Q20746742
Q8515314	P1038	Q8515308	P1039	Q20746725
Q3208958	P22	Q8515308
Q8515308	P40	Q3208958
Q8515320	P22	Q3208958
Q3208958	P40	Q8515320
Q8515325	P22	Q10517065
Q10517065	P40	Q8515325
Q8515325	P1038	Q8515320	P1039	Q20746742
Q8515320	P1038	Q8515325	P1039	Q20746725
Q6637970	P22	Q6638460
Q6638460	P40	Q6637970
Q6637970	P1038	Q10520801	P1039	Q20746742
Q10520801	P1038	Q6637970	P1039	Q20746725
Q8515466	P22	Q11532530
Q11532530	P40	Q8515466
Q8515466	P1038	Q52717402	P1039	Q20746742
Q52717402	P1038	Q8515466	P1039	Q20746725
Q8515460	P22	Q8515466
Q8515466	P40	Q8515460
Q8515415	P22	Q11670107
Q11670107	P40	Q8515415
Q8515415	P1038	Q8515460	P1039	Q20746742
Q8515460	P1038	Q8515415	P1039	Q20746725
Q8515421	P22	Q8515415
Q8515415	P40	Q8515421
Q8516022	P22	Q8515415
Q8515415	P40	Q8516022
Q8515433	P22	Q6092518
Q6092518	P40	Q8515433
Q8515433	P1038	Q8516022	P1039	Q20746742
Q8516022	P1038	Q8515433	P1039	Q20746725
Q8515399	P22	Q8515440
Q8515440	P40	Q8515399
Q8515399	P1038	Q8515433	P1039	Q20746742
Q8515433	P1038	Q8515399	P1039	Q20746725
Q107395	P22	Q8515399
Q8515399	P40	Q107395
Q8515448	P22	Q107395
Q107395	P40	Q8515448
Q8515427	P22	Q8515448
Q8515448	P40	Q8515427
Q8515404	P22	Q8515427
Q8515427	P40	Q8515404
Q8515409	P22	Q141655391
Q141655391	P40	Q8515409
Q8514867	P22	Q11423540
Q11423540	P40	Q8514867
Q8515929	P22	Q8514867
Q8514867	P40	Q8515929
Q8514875	P22	Q8515929
Q8515929	P40	Q8514875
Q8514740	P22	Q8514773
Q8514773	P40	Q8514740
Q8514730	P22	Q8514740
Q8514740	P40	Q8514730
Q8514725	P22	Q8514768
Q8514768	P40	Q8514725
Q8514725	P1038	Q8514730	P1039	Q20746742
Q8514730	P1038	Q8514725	P1039	Q20746725
Q8514736	P22	Q11359143
Q11359143	P40	Q8514736
Q8514736	P1038	Q8514725	P1039	Q20746742
Q8514725	P1038	Q8514736	P1039	Q20746725
Q8514721	P22	Q8514745
Q8514745	P40	Q8514721
Q8514721	P1038	Q8514736	P1039	Q20746742
Q8514736	P1038	Q8514721	P1039	Q20746725
Q1376605	P22	Q6958482
Q6958482	P40	Q1376605
Q1376605	P1038	Q311080	P1039	Q20746742
Q311080	P1038	Q1376605	P1039	Q20746725
Q8514762	P22	Q1376605
Q1376605	P40	Q8514762
Q8514779	P22	Q8514762
Q8514762	P40	Q8514779
Q8514773	P22	Q3132109
Q3132109	P40	Q8514773
Q8514773	P1038	Q8514779	P1039	Q20746742
Q8514779	P1038	Q8514773	P1039	Q20746725
Q8514785	P22	Q8514773
Q8514773	P40	Q8514785
Q8514751	P22	Q8514785
Q8514785	P40	Q8514751
Q8514757	P22	Q8514785
Q8514785	P40	Q8514757
Q8514757	P1038	Q8514751	P1039	Q20746742
Q8514751	P1038	Q8514757	P1039	Q20746725
Q8514768	P22	Q8514785
Q8514785	P40	Q8514768
Q8514768	P1038	Q8514757	P1039	Q20746742
Q8514757	P1038	Q8514768	P1039	Q20746725
Q8514791	P22	Q8514768
Q8514768	P40	Q8514791
Q8514791	P1038	Q1194899	P1039	Q20746742
Q1194899	P1038	Q8514791	P1039	Q20746725
Q8514745	P22	Q11359143
Q11359143	P40	Q8514745
Q8514745	P1038	Q8514791	P1039	Q20746742
Q8514791	P1038	Q8514745	P1039	Q20746725
Q851776	P22	Q8514745
Q8514745	P40	Q851776
Q1194899	P1038	Q8514768	P1039	Q20746742
Q8514768	P1038	Q1194899	P1039	Q20746725
Q1194899	P22	Q11595125
Q11595125	P40	Q1194899
Q851787	P22	Q851776
Q851776	P40	Q851787
Q8515388	P22	Q11604290
Q11604290	P40	Q8515388
Q8516010	P22	Q8515388
Q8515388	P40	Q8516010
Q8515377	P22	Q8515249
Q8515249	P40	Q8515377
Q8515377	P1038	Q8516010	P1039	Q20746742
Q8516010	P1038	Q8515377	P1039	Q20746725
Q8515371	P22	Q8515249
Q8515249	P40	Q8515371
Q8515371	P1038	Q8515377	P1039	Q20746742
Q8515377	P1038	Q8515371	P1039	Q20746725
Q8515384	P22	Q8515371
Q8515371	P40	Q8515384
Q6635782	P22	Q6635833
Q6635833	P40	Q6635782
Q6635794	P22	Q6635833
Q6635833	P40	Q6635794
Q6635851	P22	Q6635833
Q6635833	P40	Q6635851
Q6635805	P22	Q6635997
Q6635997	P40	Q6635805
Q6635805	P1038	Q6635851	P1039	Q20746742
Q6635851	P1038	Q6635805	P1039	Q20746725
Q6635992	P22	Q521070
Q521070	P40	Q6635992
Q6635992	P1038	Q10565491	P1039	Q20746742
Q10565491	P1038	Q6635992	P1039	Q20746725
Q8514715	P22	Q11608311
Q11608311	P40	Q8514715
Q8514715	P1038	Q11608334	P1039	Q20746742
Q11608334	P1038	Q8514715	P1039	Q20746725
Q11255677	P22	Q837782
Q837782	P40	Q11255677
Q11255675	P22	Q11255677
Q11255677	P40	Q11255675
Q11255679	P22	Q11255675
Q11255675	P40	Q11255679
Q11255695	P22	Q7849976
Q7849976	P40	Q11255695
Q11255695	P1038	Q11255679	P1039	Q20746742
Q11255679	P1038	Q11255695	P1039	Q20746725
Q11255683	P22	Q11255695
Q11255695	P40	Q11255683
Q11255681	P22	Q7849985
Q7849985	P40	Q11255681
Q7849967	P22	Q11678642
Q11678642	P40	Q7849967
Q7849967	P1038	Q11255681	P1039	Q20746742
Q11255681	P1038	Q7849967	P1039	Q20746725
Q7849984	P22	Q7849967
Q7849967	P40	Q7849984
Q7849984	P1038	Q7849987	P1039	Q20746742
Q7849987	P1038	Q7849984	P1039	Q20746725
