Q3530490	P22	Q319664
Q319664	P40	Q3530490
Q11490290	P22	Q3530490
Q3530490	P40	Q11490290
Q7813722	P22	Q11490290
Q11490290	P40	Q7813722
Q11490285	P22	Q7813722
Q7813722	P40	Q11490285
Q11490283	P22	Q3530491
Q3530491	P40	Q11490283
Q11490283	P1038	Q11490285	P1039	Q20746742
Q11490285	P1038	Q11490283	P1039	Q20746725
Q7005186	P22	Q439675
Q439675	P40	Q7005186
Q7005186	P1038	Q11490283	P1039	Q20746742
Q11490283	P1038	Q7005186	P1039	Q20746725
Q11490280	P22	Q3530491
Q3530491	P40	Q11490280
Q6636848	P22	Q3530492
Q3530492	P40	Q6636848
Q287657	P22	Q1323770
Q1323770	P40	Q287657
Q287657	P1038	Q6636848	P1039	Q20746742
Q6636848	P1038	Q287657	P1039	Q20746725
Q287657	P22	Q1323770
Q1323770	P40	Q287657
Q287657	P1038	Q6636848	P1039	Q20746742
Q6636848	P1038	Q287657	P1039	Q20746725
Q946037	P22	Q11530568
Q11530568	P40	Q946037
Q946037	P1038	Q3530497	P1039	Q20746742
Q3530497	P1038	Q946037	P1039	Q20746725