Q10863984	P2388	Q141663648
Q17370742	P1423	Q141663648
Q9539475	P301	Q141663648
Q3530490	P31	Q5
Q3530490	P21	Q6581097
Q3530490	P1559	ja:"徳川宗尹"
Q3530490	P39	Q141663648	P1545	"1"	P580	+1735-00-00T00:00:00Z/9	P582	+1764-00-00T00:00:00Z/9	P1366	Q11490290
Q11490290	P31	Q5
Q11490290	P21	Q6581097
Q11490290	P1559	ja:"徳川治済"
Q11490290	P39	Q141663648	P1545	"2"	P580	+1764-00-00T00:00:00Z/9	P582	+1799-00-00T00:00:00Z/9	P1365	Q3530490	P1366	Q7813722
Q7813722	P31	Q5
Q7813722	P21	Q6581097
Q7813722	P1559	ja:"徳川斉敦"
Q7813722	P39	Q141663648	P1545	"3"	P580	+1799-00-00T00:00:00Z/9	P582	+1816-00-00T00:00:00Z/9	P1365	Q11490290	P1366	Q11490285
Q11490285	P31	Q5
Q11490285	P21	Q6581097
Q11490285	P1559	ja:"徳川斉礼"
Q11490285	P39	Q141663648	P1545	"4"	P580	+1816-00-00T00:00:00Z/9	P582	+1830-00-00T00:00:00Z/9	P1365	Q7813722	P1366	Q11490283
Q11490283	P31	Q5
Q11490283	P21	Q6581097
Q11490283	P1559	ja:"徳川斉位"
Q11490283	P39	Q141663648	P1545	"5"	P580	+1830-00-00T00:00:00Z/9	P582	+1837-00-00T00:00:00Z/9	P1365	Q11490285	P1366	Q7005186
Q7005186	P31	Q5
Q7005186	P21	Q6581097
Q7005186	P1559	ja:"徳川慶昌"
Q7005186	P39	Q141663648	P1545	"6"	P580	+1837-00-00T00:00:00Z/9	P582	+1838-00-00T00:00:00Z/9	P1365	Q11490283	P1366	Q11490280
Q11490280	P31	Q5
Q11490280	P21	Q6581097
Q11490280	P1559	ja:"徳川慶壽"
Q11490280	P39	Q141663648	P1545	"7"	P580	+1838-00-00T00:00:00Z/9	P582	+1847-00-00T00:00:00Z/9	P1365	Q7005186	P1366	Q6636848
Q6636848	P31	Q5
Q6636848	P21	Q6581097
Q6636848	P1559	ja:"徳川昌丸"
Q6636848	P39	Q141663648	P1545	"8"	P580	+1847-00-00T00:00:00Z/9	P582	+1847-00-00T00:00:00Z/9	P1365	Q11490280	P1366	Q287657
Q287657	P31	Q5
Q287657	P21	Q6581097
Q287657	P1559	ja:"徳川慶喜"
Q287657	P39	Q141663648	P1545	"9"	P580	+1847-00-00T00:00:00Z/9	P582	+1859-00-00T00:00:00Z/9	P1365	Q6636848
Q287657	P39	Q141663648	P1545	"9"	P580	+1862-00-00T00:00:00Z/9	P582	+1866-00-00T00:00:00Z/9	P1366	Q946037
Q946037	P31	Q5
Q946037	P21	Q6581097
Q946037	P1559	ja:"徳川茂徳"
Q946037	P39	Q141663648	P1545	"10"	P580	+1866-00-00T00:00:00Z/9	P582	+1871-00-00T00:00:00Z/9	P1365	Q287657