Q8513836	P22	Q1371657
Q1371657	P40	Q8513836
Q8514342	P22	Q8514347
Q8514347	P40	Q8514342
Q4701235	P22	Q4701233
Q4701233	P40	Q4701235
Q8514679	P22	Q4701235
Q4701235	P40	Q8514679
Q8514668	P22	Q8514679
Q8514679	P40	Q8514668
Q8514697	P22	Q111191156
Q111191156	P40	Q8514697
Q8514660	P22	Q8514697
Q8514697	P40	Q8514660
Q8514685	P22	Q8514697
Q8514697	P40	Q8514685
Q8514703	P22	Q8514660
Q8514660	P40	Q8514703
Q8514703	P1038	Q8514685	P1039	Q20746742
Q8514685	P1038	Q8514703	P1039	Q20746725
Q8514654	P22	Q8514703
Q8514703	P40	Q8514654
Q8514666	P22	Q8514703
Q8514703	P40	Q8514666
Q8514674	P22	Q8514666
Q8514666	P40	Q8514674
Q8514691	P22	Q8514674
Q8514674	P40	Q8514691