Q5370070	P22	Q11530618
Q11530618	P40	Q5370070
Q8515976	P22	Q8192119
Q8192119	P40	Q8515976
Q8515976	P1038	Q5370070	P1039	Q20746742
Q5370070	P1038	Q8515976	P1039	Q20746725
Q8513824	P22	Q5520435
Q5520435	P40	Q8513824
Q8514993	P22	Q11423374
Q11423374	P40	Q8514993
Q8515950	P22	Q8514993
Q8514993	P40	Q8515950
Q8513845	P22	Q11647300
Q11647300	P40	Q8513845
Q8515039	P22	Q11069766
Q11069766	P40	Q8515039
Q8514999	P22	Q8515039
Q8515039	P40	Q8514999
Q8515021	P22	Q11069907
Q11069907	P40	Q8515021
Q8515021	P1038	Q8514999	P1039	Q20746742
Q8514999	P1038	Q8515021	P1039	Q20746725
Q8515052	P22	Q8515021
Q8515021	P40	Q8515052
Q8515079	P22	Q8515052
Q8515052	P40	Q8515079
Q8515058	P22	Q8515052
Q8515052	P40	Q8515058
Q8515058	P1038	Q8515079	P1039	Q20746742
Q8515079	P1038	Q8515058	P1039	Q20746725
Q8515055	P22	Q11530411
Q11530411	P40	Q8515055
Q8515055	P1038	Q8515058	P1039	Q20746742
Q8515058	P1038	Q8515055	P1039	Q20746725
Q8515043	P22	Q8515055
Q8515055	P40	Q8515043
Q6788058	P22	Q8515043
Q8515043	P40	Q6788058
Q8515053	P22	Q8515043
Q8515043	P40	Q8515053