Q8514347	P22	Q11528912
Q11528912	P40	Q8514347
Q8514342	P22	Q8514347
Q8514347	P40	Q8514342
Q8513836	P22	Q1371657
Q1371657	P40	Q8513836
Q8514046	P22	Q909763
Q909763	P40	Q8514046
Q8514019	P22	Q8514046
Q8514046	P40	Q8514019
Q8514025	P22	Q8514046
Q8514046	P40	Q8514025
Q8514052	P22	Q8514025
Q8514025	P40	Q8514052
Q8514040	P22	Q110821707
Q110821707	P40	Q8514040
Q8514040	P1038	Q8514052	P1039	Q20746742
Q8514052	P1038	Q8514040	P1039	Q20746725
Q8514034	P22	Q8514040
Q8514040	P40	Q8514034
Q8514030	P22	Q8514034
Q8514034	P40	Q8514030
Q8013088	P22	Q8514030
Q8514030	P40	Q8013088
Q7041869	P22	Q8013088
Q8013088	P40	Q7041869
Q7041862	P22	Q7041869
Q7041869	P40	Q7041862
Q7041864	P22	Q851776
Q851776	P40	Q7041864
Q7041864	P1038	Q7041862	P1039	Q20746742
Q7041862	P1038	Q7041864	P1039	Q20746725