Q311183	P22	Q2625556
Q2625556	P40	Q311183
Q115852	P22	Q311183
Q311183	P40	Q115852
Q846370	P22	Q115852
Q115852	P40	Q846370
Q5227557	P22	Q846370
Q846370	P40	Q5227557
Q116151	P22	Q11380721
Q11380721	P40	Q116151
Q116151	P1038	Q5227557	P1039	Q20746742
Q5227557	P1038	Q116151	P1039	Q20746725
Q5227536	P22	Q116151
Q116151	P40	Q5227536
Q846378	P22	Q5227536
Q5227536	P40	Q846378
Q5227543	P22	Q846378
Q846378	P40	Q5227543
Q7201026	P22	Q8514091
Q8514091	P40	Q7201026
Q7201026	P1038	Q5227540	P1039	Q20746742
Q5227540	P1038	Q7201026	P1039	Q20746725
Q5227539	P22	Q11380708
Q11380708	P40	Q5227539
Q5227539	P1038	Q7201026	P1039	Q20746742
Q7201026	P1038	Q5227539	P1039	Q20746725
Q846375	P22	Q7201026
Q7201026	P40	Q846375
Q846375	P1038	Q5227539	P1039	Q20746742
Q5227539	P1038	Q846375	P1039	Q20746725
Q5227534	P22	Q846375
Q846375	P40	Q5227534
Q7224597	P22	Q862949
Q862949	P40	Q7224597
Q7224597	P1038	Q846375	P1039	Q20746742
Q846375	P1038	Q7224597	P1039	Q20746725
Q5227519	P22	Q5227543
Q5227543	P40	Q5227519
Q5227540	P22	Q5227543
Q5227543	P40	Q5227540
