Q1133267	P22	Q171977
Q171977	P40	Q1133267
Q837867	P22	Q171977
Q171977	P40	Q837867
Q1042428	P22	Q871566
Q871566	P40	Q1042428
Q11585808	P22	Q7565
Q7565	P40	Q11585808
Q11585808	P1038	Q11585771	P1039	Q20746742
Q11585771	P1038	Q11585808	P1039	Q20746725
Q5368670	P22	Q54553304
Q54553304	P40	Q5368670
Q8515117	P22	Q5368670
Q5368670	P40	Q8515117
Q1631219	P22	Q11427634
Q11427634	P40	Q1631219
Q1631220	P22	Q1631219
Q1631219	P40	Q1631220
Q10729463	P22	Q6788057
Q6788057	P40	Q10729463
Q8081578	P22	Q11432012
Q11432012	P40	Q8081578
Q10862124	P22	Q3530227
Q3530227	P40	Q10862124
Q6013274	P22	Q6013288
Q6013288	P40	Q6013274
Q11596955	P22	Q6013274
Q6013274	P40	Q11596955
Q10729497	P22	Q10729483
Q10729483	P40	Q10729497
Q8515003	P22	Q10729497
Q10729497	P40	Q8515003
Q8515546	P22	Q11427642
Q11427642	P40	Q8515546
Q11427654	P22	Q8515546
Q8515546	P40	Q11427654
Q11427640	P22	Q8515546
Q8515546	P40	Q11427640
Q11427640	P1038	Q11427654	P1039	Q20746742
Q11427654	P1038	Q11427640	P1039	Q20746725
Q11427637	P22	Q11427633
Q11427633	P40	Q11427637
Q11427637	P1038	Q11427640	P1039	Q20746742
Q11427640	P1038	Q11427637	P1039	Q20746725
Q910241	P22	Q11427640
Q11427640	P40	Q910241
Q910241	P1038	Q11427637	P1039	Q20746742
Q11427637	P1038	Q910241	P1039	Q20746725
Q11427632	P22	Q910241
Q910241	P40	Q11427632