Q910993	P2388	Q141529984
Q17370342	P1423	Q141529984
Q18704713	P301	Q141529984
Q1133267	P31	Q5
Q1133267	P21	Q6581097
Q1133267	P1559	ja:"武田信吉"
Q1133267	P39	Q141529984	P580	+1593-00-00T00:00:00Z/9	P582	+1602-00-00T00:00:00Z/9	P1366	Q837867
Q837867	P31	Q5
Q837867	P21	Q6581097
Q837867	P1559	ja:"松平忠輝"
Q837867	P39	Q141529984	P580	+1602-00-00T00:00:00Z/9	P582	+1603-00-00T00:00:00Z/9	P1365	Q1133267	P1366	Q10860025
Q10860025	P31	Q5
Q10860025	P21	Q6581097
Q10860025	P1559	ja:"小笠原吉次"
Q10860025	P39	Q141529984	P580	+1606-00-00T00:00:00Z/9	P582	+1608-00-00T00:00:00Z/9	P1365	Q837867	P1366	Q1042428
Q1042428	P31	Q5
Q1042428	P21	Q6581097
Q1042428	P1559	ja:"土井利勝"
Q1042428	P39	Q141529984	P580	+1610-00-00T00:00:00Z/9	P582	+1633-00-00T00:00:00Z/9	P1365	Q10860025	P1366	Q11585808
Q11585808	P31	Q5
Q11585808	P21	Q6581097
Q11585808	P1559	ja:"石川忠総"
Q11585808	P39	Q141529984	P580	+1633-00-00T00:00:00Z/9	P582	+1634-00-00T00:00:00Z/9	P1365	Q1042428	P1366	Q5368670
Q5368670	P31	Q5
Q5368670	P21	Q6581097
Q5368670	P1559	ja:"松平家信"
Q5368670	P39	Q141529984	P580	+1635-00-00T00:00:00Z/9	P582	+1638-00-00T00:00:00Z/9	P1365	Q11585808	P1366	Q8515117
Q8515117	P31	Q5
Q8515117	P21	Q6581097
Q8515117	P1559	ja:"松平康信"
Q8515117	P39	Q141529984	P580	+1638-00-00T00:00:00Z/9	P582	+1640-00-00T00:00:00Z/9	P1365	Q5368670	P1366	Q1631219
Q1631219	P31	Q5
Q1631219	P21	Q6581097
Q1631219	P1559	ja:"堀田正盛"
Q1631219	P39	Q141529984	P580	+1642-00-00T00:00:00Z/9	P582	+1651-00-00T00:00:00Z/9	P1365	Q8515117	P1366	Q1631220
Q1631220	P31	Q5
Q1631220	P21	Q6581097
Q1631220	P1559	ja:"堀田正信"
Q1631220	P39	Q141529984	P580	+1651-00-00T00:00:00Z/9	P582	+1660-00-00T00:00:00Z/9	P1365	Q1631219	P1366	Q10729463
Q10729463	P31	Q5
Q10729463	P21	Q6581097
Q10729463	P1559	ja:"松平乗久"
Q10729463	P39	Q141529984	P580	+1661-00-00T00:00:00Z/9	P582	+1678-00-00T00:00:00Z/9	P1365	Q1631220	P1366	Q8081578
Q8081578	P31	Q5
Q8081578	P21	Q6581097
Q8081578	P1559	ja:"大久保忠朝"
Q8081578	P39	Q141529984	P580	+1678-00-00T00:00:00Z/9	P582	+1686-00-00T00:00:00Z/9	P1365	Q10729463	P1366	Q3530227
Q3530227	P31	Q5
Q3530227	P21	Q6581097
Q3530227	P1559	ja:"戸田忠昌"
Q3530227	P39	Q141529984	P580	+1686-00-00T00:00:00Z/9	P582	+1699-00-00T00:00:00Z/9	P1365	Q8081578	P1366	Q10862124
Q10862124	P31	Q5
Q10862124	P21	Q6581097
Q10862124	P1559	ja:"戸田忠真"
Q10862124	P39	Q141529984	P580	+1699-00-00T00:00:00Z/9	P582	+1701-00-00T00:00:00Z/9	P1365	Q3530227	P1366	Q6013274
Q6013274	P31	Q5
Q6013274	P21	Q6581097
Q6013274	P1559	ja:"稲葉正往"
Q6013274	P39	Q141529984	P580	+1701-00-00T00:00:00Z/9	P582	+1707-00-00T00:00:00Z/9	P1365	Q10862124	P1366	Q11596955
Q11596955	P31	Q5
Q11596955	P21	Q6581097
Q11596955	P1559	ja:"稲葉正知"
Q11596955	P39	Q141529984	P580	+1707-00-00T00:00:00Z/9	P582	+1723-00-00T00:00:00Z/9	P1365	Q6013274	P1366	Q10729497
Q10729497	P31	Q5
Q10729497	P21	Q6581097
Q10729497	P1559	ja:"松平乗邑"
Q10729497	P39	Q141529984	P580	+1723-00-00T00:00:00Z/9	P582	+1745-00-00T00:00:00Z/9	P1365	Q11596955	P1366	Q8515003
Q8515003	P31	Q5
Q8515003	P21	Q6581097
Q8515003	P1559	ja:"松平乗祐"
Q8515003	P39	Q141529984	P580	+1745-00-00T00:00:00Z/9	P582	+1746-00-00T00:00:00Z/9	P1365	Q10729497	P1366	Q8515546
Q8515546	P31	Q5
Q8515546	P21	Q6581097
Q8515546	P1559	ja:"堀田正亮"
Q8515546	P39	Q141529984	P580	+1746-00-00T00:00:00Z/9	P582	+1761-00-00T00:00:00Z/9	P1365	Q8515003	P1366	Q11427654
Q11427654	P31	Q5
Q11427654	P21	Q6581097
Q11427654	P1559	ja:"堀田正順"
Q11427654	P39	Q141529984	P580	+1761-00-00T00:00:00Z/9	P582	+1805-00-00T00:00:00Z/9	P1365	Q8515546	P1366	Q11427640
Q11427640	P31	Q5
Q11427640	P21	Q6581097
Q11427640	P1559	ja:"堀田正時"
Q11427640	P39	Q141529984	P580	+1805-00-00T00:00:00Z/9	P582	+1811-00-00T00:00:00Z/9	P1365	Q11427654	P1366	Q11427637
Q11427637	P31	Q5
Q11427637	P21	Q6581097
Q11427637	P1559	ja:"堀田正愛"
Q11427637	P39	Q141529984	P580	+1811-00-00T00:00:00Z/9	P582	+1824-00-00T00:00:00Z/9	P1365	Q11427640	P1366	Q910241
Q910241	P31	Q5
Q910241	P21	Q6581097
Q910241	P1559	ja:"堀田正睦"
Q910241	P39	Q141529984	P580	+1825-00-00T00:00:00Z/9	P582	+1859-00-00T00:00:00Z/9	P1365	Q11427637	P1366	Q11427632
Q11427632	P31	Q5
Q11427632	P21	Q6581097
Q11427632	P1559	ja:"堀田正倫"
Q11427632	P39	Q141529984	P580	+1859-00-00T00:00:00Z/9	P582	+1871-00-00T00:00:00Z/9	P1365	Q910241