Q8513884	P22	Q1143534
Q1143534	P40	Q8513884
Q8513878	P22	Q8513884
Q8513884	P40	Q8513878
Q8513996	P22	Q8514003
Q8514003	P40	Q8513996
Q8513996	P1038	Q8513878	P1039	Q20746742
Q8513878	P1038	Q8513996	P1039	Q20746725
Q8514014	P22	Q8513996
Q8513996	P40	Q8514014
Q8513907	P22	Q8514014
Q8514014	P40	Q8513907
Q8513913	P22	Q8513907
Q8513907	P40	Q8513913
Q8513934	P22	Q8513913
Q8513913	P40	Q8513934
Q8513895	P22	Q8513913
Q8513913	P40	Q8513895
Q109957	P22	Q8013051
Q8013051	P40	Q109957
Q109957	P1038	Q8513895	P1039	Q20746742
Q8513895	P1038	Q109957	P1039	Q20746725