Q8515187	P22	Q5367620
Q5367620	P40	Q8515187
Q8515208	P22	Q8515187
Q8515187	P40	Q8515208
Q8515226	P22	Q11644228
Q11644228	P40	Q8515226
Q8515226	P1038	Q8515208	P1039	Q20746742
Q8515208	P1038	Q8515226	P1039	Q20746725
Q8515254	P22	Q8515226
Q8515226	P40	Q8515254
Q8515157	P22	Q11644188
Q11644188	P40	Q8515157
Q8515157	P1038	Q8515254	P1039	Q20746742
Q8515254	P1038	Q8515157	P1039	Q20746725
Q8515175	P22	Q8515157
Q8515157	P40	Q8515175
Q8515231	P22	Q8515175
Q8515175	P40	Q8515231
Q8515169	P22	Q8515231
Q8515231	P40	Q8515169