Q6956818	P22	Q3138980
Q3138980	P40	Q6956818
Q11650687	P22	Q6956818
Q6956818	P40	Q11650687
Q11650632	P22	Q11650687
Q11650687	P40	Q11650632
Q11650634	P22	Q11650632
Q11650632	P40	Q11650634
Q11650688	P22	Q11650632
Q11650632	P40	Q11650688
Q11650688	P1038	Q11650634	P1039	Q20746742
Q11650634	P1038	Q11650688	P1039	Q20746725
Q11650663	P22	Q11650688
Q11650688	P40	Q11650663
Q11650669	P22	Q11650663
Q11650663	P40	Q11650669
Q11650684	P22	Q11650669
Q11650669	P40	Q11650684
Q11650665	P22	Q11650669
Q11650669	P40	Q11650665
Q11650665	P1038	Q11650684	P1039	Q20746742
Q11650684	P1038	Q11650665	P1039	Q20746725
Q11650661	P22	Q11650665
Q11650665	P40	Q11650661
Q6956825	P22	Q3334677
Q3334677	P40	Q6956825
Q6956825	P1038	Q11650661	P1039	Q20746742
Q11650661	P1038	Q6956825	P1039	Q20746725