Q6956818	P31	Q5
Q6956818	P21	Q6581097
Q6956818	P1559	ja:"鍋島元茂"
Q6956818	P39	Q141529979	P580	+1642-00-00T00:00:00Z/9	P582	+1654-00-00T00:00:00Z/9	P1366	Q11650687
Q11650687	P31	Q5
Q11650687	P21	Q6581097
Q11650687	P1559	ja:"鍋島直能"
Q11650687	P39	Q141529979	P580	+1654-00-00T00:00:00Z/9	P582	+1679-00-00T00:00:00Z/9	P1365	Q6956818	P1366	Q11650632
Q11650632	P31	Q5
Q11650632	P21	Q6581097
Q11650632	P1559	ja:"鍋島元武"
Q11650632	P39	Q141529979	P580	+1679-00-00T00:00:00Z/9	P582	+1713-00-00T00:00:00Z/9	P1365	Q11650687	P1366	Q11650634
Q11650634	P31	Q5
Q11650634	P21	Q6581097
Q11650634	P1559	ja:"鍋島元延"
Q11650634	P39	Q141529979	P580	+1713-00-00T00:00:00Z/9	P582	+1714-00-00T00:00:00Z/9	P1365	Q11650632	P1366	Q11650688
Q11650688	P31	Q5
Q11650688	P21	Q6581097
Q11650688	P1559	ja:"鍋島直英"
Q11650688	P39	Q141529979	P580	+1714-00-00T00:00:00Z/9	P582	+1744-00-00T00:00:00Z/9	P1365	Q11650634	P1366	Q11650663
Q11650663	P31	Q5
Q11650663	P21	Q6581097
Q11650663	P1559	ja:"鍋島直員"
Q11650663	P39	Q141529979	P580	+1744-00-00T00:00:00Z/9	P582	+1764-00-00T00:00:00Z/9	P1365	Q11650688	P1366	Q11650669
Q11650669	P31	Q5
Q11650669	P21	Q6581097
Q11650669	P1559	ja:"鍋島直愈"
Q11650669	P39	Q141529979	P580	+1764-00-00T00:00:00Z/9	P582	+1794-00-00T00:00:00Z/9	P1365	Q11650663	P1366	Q11650684
Q11650684	P31	Q5
Q11650684	P21	Q6581097
Q11650684	P1559	ja:"鍋島直知"
Q11650684	P39	Q141529979	P580	+1794-00-00T00:00:00Z/9	P582	+1804-00-00T00:00:00Z/9	P1365	Q11650669	P1366	Q11650665
Q11650665	P31	Q5
Q11650665	P21	Q6581097
Q11650665	P1559	ja:"鍋島直堯"
Q11650665	P39	Q141529979	P580	+1804-00-00T00:00:00Z/9	P582	+1850-00-00T00:00:00Z/9	P1365	Q11650684	P1366	Q11650661
Q11650661	P31	Q5
Q11650661	P21	Q6581097
Q11650661	P1559	ja:"鍋島直亮"
Q11650661	P39	Q141529979	P580	+1850-00-00T00:00:00Z/9	P582	+1864-00-00T00:00:00Z/9	P1365	Q11650665	P1366	Q6956825
Q6956825	P31	Q5
Q6956825	P21	Q6581097
Q6956825	P1559	ja:"鍋島直虎"
Q6956825	P39	Q141529979	P580	+1864-00-00T00:00:00Z/9	P582	+1871-00-00T00:00:00Z/9	P1365	Q11650661