Q839377	P22	Q11515462
Q11515462	P40	Q839377
Q8514439	P22	Q839377
Q839377	P40	Q8514439
Q8514354	P22	Q8514439
Q8514439	P40	Q8514354
Q846206	P22	Q665518
Q665518	P40	Q846206
Q850933	P22	Q846206
Q846206	P40	Q850933
Q837236	P22	Q314464
Q314464	P40	Q837236
Q837236	P1038	Q2478488	P1039	Q20746742
Q2478488	P1038	Q837236	P1039	Q20746725
Q5324923	P22	Q1130929
Q1130929	P40	Q5324923
Q11239138	P22	Q6788072
Q6788072	P40	Q11239138
Q8515360	P22	Q11445771
Q11445771	P40	Q8515360
Q8515354	P22	Q11372330
Q11372330	P40	Q8515354
Q8515354	P1038	Q8515360	P1039	Q20746742
Q8515360	P1038	Q8515354	P1039	Q20746725
Q8515540	P22	Q936047
Q936047	P40	Q8515540
Q399755	P22	Q5324923
Q5324923	P40	Q399755
Q11239138	P22	Q6788072
Q6788072	P40	Q11239138
Q11239123	P22	Q11530506
Q11530506	P40	Q11239123
Q8515551	P22	Q936047
Q936047	P40	Q8515551
Q8515551	P1038	Q8515540	P1039	Q20746742
Q8515540	P1038	Q8515551	P1039	Q20746725
Q8514861	P22	Q11427645
Q11427645	P40	Q8514861
Q8514861	P1038	Q8515551	P1039	Q20746742
Q8515551	P1038	Q8514861	P1039	Q20746725
Q8515546	P22	Q11427642
Q11427642	P40	Q8515546
Q8515546	P1038	Q8515551	P1039	Q20746742
Q8515551	P1038	Q8515546	P1039	Q20746725
Q8515003	P22	Q10729497
Q10729497	P40	Q8515003
Q8515279	P1038	Q11594838	P1039	Q20746742
Q11594838	P1038	Q8515279	P1039	Q20746725
Q8515285	P1038	Q8515279	P1039	Q20746742
Q8515279	P1038	Q8515285	P1039	Q20746725
Q8515297	P22	Q8515285
Q8515285	P40	Q8515297
Q8515291	P22	Q11547631
Q11547631	P40	Q8515291
Q8515291	P1038	Q8515297	P1039	Q20746742
Q8515297	P1038	Q8515291	P1039	Q20746725
Q5368702	P22	Q2975848
Q2975848	P40	Q5368702