Q8514455	P22	Q8514544
Q8514544	P40	Q8514455
Q8514486	P22	Q11383449
Q11383449	P40	Q8514486
Q8514486	P1038	Q8514455	P1039	Q20746742
Q8514455	P1038	Q8514486	P1039	Q20746725
Q8514539	P22	Q8514486
Q8514486	P40	Q8514539
Q8514473	P22	Q11383441
Q11383441	P40	Q8514473
Q8514473	P1038	Q8514539	P1039	Q20746742
Q8514539	P1038	Q8514473	P1039	Q20746725
Q8514509	P22	Q8514473
Q8514473	P40	Q8514509
Q8514503	P22	Q109183432
Q109183432	P40	Q8514503
Q8514503	P1038	Q8514509	P1039	Q20746742
Q8514509	P1038	Q8514503	P1039	Q20746725
Q8514549	P22	Q8514605
Q8514605	P40	Q8514549
Q8514549	P1038	Q8514503	P1039	Q20746742
Q8514503	P1038	Q8514549	P1039	Q20746725
Q8514491	P22	Q8514605
Q8514605	P40	Q8514491
Q5370062	P22	Q8514623
Q8514623	P40	Q5370062
Q5370062	P1038	Q8514491	P1039	Q20746742
Q8514491	P1038	Q5370062	P1039	Q20746725