Q5367620	P22	Q11644074
Q11644074	P40	Q5367620
Q8515163	P22	Q5367620
Q5367620	P40	Q8515163
Q8515220	P22	Q8515163
Q8515163	P40	Q8515220
Q8515237	P22	Q8515220
Q8515220	P40	Q8515237
Q8515214	P22	Q8515208
Q8515208	P40	Q8515214
Q8515214	P1038	Q8515237	P1039	Q20746742
Q8515237	P1038	Q8515214	P1039	Q20746725
Q8515986	P22	Q8515214
Q8515214	P40	Q8515986
Q8515193	P22	Q8515986
Q8515986	P40	Q8515193
Q8515249	P22	Q8515193
Q8515193	P40	Q8515249
Q8515202	P22	Q8515249
Q8515249	P40	Q8515202
Q8515259	P22	Q8515249
Q8515249	P40	Q8515259
Q8515243	P22	Q8515202
Q8515202	P40	Q8515243
Q8515243	P1038	Q8515259	P1039	Q20746742
Q8515259	P1038	Q8515243	P1039	Q20746725
Q8515181	P22	Q8515202
Q8515202	P40	Q8515181