Q5368867	P22	Q10297028
Q10297028	P40	Q5368867
Q8514153	P22	Q5368867
Q5368867	P40	Q8514153
Q8514175	P22	Q141655384
Q141655384	P40	Q8514175
Q8514175	P1038	Q8514153	P1039	Q20746742
Q8514153	P1038	Q8514175	P1039	Q20746725
Q8514181	P22	Q8514175
Q8514175	P40	Q8514181
Q8514159	P22	Q8514175
Q8514175	P40	Q8514159
Q8514159	P1038	Q8514181	P1039	Q20746742
Q8514181	P1038	Q8514159	P1039	Q20746725
Q8514200	P22	Q8514159
Q8514159	P40	Q8514200
Q8514164	P22	Q8514175
Q8514175	P40	Q8514164
Q8514164	P1038	Q8514200	P1039	Q20746742
Q8514200	P1038	Q8514164	P1039	Q20746725
Q8514195	P22	Q134546458
Q134546458	P40	Q8514195
Q8514195	P1038	Q8514164	P1039	Q20746742
Q8514164	P1038	Q8514195	P1039	Q20746725
Q8514170	P22	Q8514195
Q8514195	P40	Q8514170
Q8514423	P22	Q8514170
Q8514170	P40	Q8514423
Q8514189	P22	Q8514423
Q8514423	P40	Q8514189