Q8514212	P22	Q23986622
Q23986622	P40	Q8514212
Q8514252	P22	Q8514212
Q8514212	P40	Q8514252
Q8514218	P22	Q8514252
Q8514252	P40	Q8514218
Q8514264	P22	Q8514218
Q8514218	P40	Q8514264
Q8514206	P22	Q8514264
Q8514264	P40	Q8514206
Q8514224	P22	Q141655385
Q141655385	P40	Q8514224
Q8514224	P1038	Q8514206	P1039	Q20746742
Q8514206	P1038	Q8514224	P1039	Q20746725
Q8514240	P22	Q8514224
Q8514224	P40	Q8514240
Q8514235	P22	Q8514240
Q8514240	P40	Q8514235
Q8514230	P22	Q11392586
Q11392586	P40	Q8514230
Q8514230	P1038	Q8514235	P1039	Q20746742
Q8514235	P1038	Q8514230	P1039	Q20746725
Q8514259	P22	Q8514230
Q8514230	P40	Q8514259
Q8514246	P22	Q8514259
Q8514259	P40	Q8514246