Q844035	P22	Q10514629
Q10514629	P40	Q844035
Q8514279	P22	Q11239190
Q11239190	P40	Q8514279
Q8514336	P22	Q8514279
Q8514279	P40	Q8514336
Q8514302	P22	Q8514336
Q8514336	P40	Q8514302
Q8514298	P22	Q8514302
Q8514302	P40	Q8514298
Q8514273	P22	Q141655386
Q141655386	P40	Q8514273
Q8514319	P22	Q8514273
Q8514273	P40	Q8514319
Q8514314	P22	Q8514319
Q8514319	P40	Q8514314
Q8514326	P22	Q8514314
Q8514314	P40	Q8514326
Q8514326	P22	Q8514314
Q8514314	P40	Q8514326
Q8514331	P22	Q11529322
Q11529322	P40	Q8514331
Q8514308	P22	Q11529322
Q11529322	P40	Q8514308
Q6788127	P22	Q8514326
Q8514326	P40	Q6788127
Q8514292	P22	Q8514308
Q8514308	P40	Q8514292
Q8514285	P22	Q8514292
Q8514292	P40	Q8514285