Q1071770	P22	Q859759
Q859759	P40	Q1071770
Q909763	P22	Q2900560
Q2900560	P40	Q909763
Q8513870	P22	Q11394459
Q11394459	P40	Q8513870
Q8513864	P22	Q8513870
Q8513870	P40	Q8513864
Q8514880	P22	Q11394449
Q11394449	P40	Q8514880
Q8514880	P1038	Q8513864	P1039	Q20746742
Q8513864	P1038	Q8514880	P1039	Q20746725
Q8515365	P22	Q11070291
Q11070291	P40	Q8515365
Q11239141	P22	Q6638044
Q6638044	P40	Q11239141
Q11239141	P1038	Q11530500	P1039	Q20746742
Q11530500	P1038	Q11239141	P1039	Q20746725
Q8515344	P22	Q11463419
Q11463419	P40	Q8515344
Q8515349	P22	Q8515344
Q8515344	P40	Q8515349
Q8515338	P22	Q8515349
Q8515349	P40	Q8515338
Q6036685	P22	Q6036682
Q6036682	P40	Q6036685
Q8013036	P22	Q6036685
Q6036685	P40	Q8013036
Q8515128	P22	Q3538594
Q3538594	P40	Q8515128
Q8515122	P22	Q3538594
Q3538594	P40	Q8515122
Q8515135	P22	Q8515122
Q8515122	P40	Q8515135
Q6526602	P22	Q132435905
Q132435905	P40	Q6526602
Q6526602	P1038	Q8515135	P1039	Q20746742
Q8515135	P1038	Q6526602	P1039	Q20746725
Q8012981	P22	Q6526165
Q6526165	P40	Q8012981
Q8012981	P22	Q6526165
Q6526165	P40	Q8012981
Q8012956	P22	Q8013925
Q8013925	P40	Q8012956