Q8514963	P22	Q8514891
Q8514891	P40	Q8514963
Q8514937	P22	Q8514963
Q8514963	P40	Q8514937
Q8514908	P22	Q8514937
Q8514937	P40	Q8514908
Q8515454	P1038	Q11532524	P1039	Q20746742
Q11532524	P1038	Q8515454	P1039	Q20746725
Q8515440	P22	Q8515454
Q8515454	P40	Q8515440
Q8515496	P22	Q11520027
Q11520027	P40	Q8515496
Q8515501	P22	Q8515496
Q8515496	P40	Q8515501
Q8515486	P22	Q8515501
Q8515501	P40	Q8515486
Q8516028	P22	Q8515486
Q8515486	P40	Q8516028
Q8516025	P22	Q8516028
Q8516028	P40	Q8516025
Q8515516	P22	Q8516028
Q8516028	P40	Q8515516
Q8515475	P22	Q109357699
Q109357699	P40	Q8515475
Q8515475	P1038	Q8515516	P1039	Q20746742
Q8515516	P1038	Q8515475	P1039	Q20746725