Q11576489	P2388	Q141663579
Q18003125	P1423	Q141663579
Q10188021	P301	Q141663579
Q2439046	P31	Q5
Q2439046	P21	Q6581097
Q2439046	P1559	ja:"徳川宗武"
Q2439046	P39	Q141663579	P1545	"1"	P580	+1731-00-00T00:00:00Z/9	P582	+1771-00-00T00:00:00Z/9	P1366	Q7813715
Q7813715	P31	Q5
Q7813715	P21	Q6581097
Q7813715	P1559	ja:"徳川治察"
Q7813715	P39	Q141663579	P1545	"2"	P580	+1771-00-00T00:00:00Z/9	P582	+1774-00-00T00:00:00Z/9	P1365	Q2439046	P1366	Q3530491
Q3530491	P31	Q5
Q3530491	P21	Q6581097
Q3530491	P1559	ja:"徳川斉匡"
Q3530491	P39	Q141663579	P1545	"3"	P580	+1787-00-00T00:00:00Z/9	P582	+1836-00-00T00:00:00Z/9	P1365	Q7813715	P1366	Q3530492
Q3530492	P31	Q5
Q3530492	P21	Q6581097
Q3530492	P1559	ja:"徳川斉荘"
Q3530492	P39	Q141663579	P1545	"4"	P580	+1836-00-00T00:00:00Z/9	P582	+1839-00-00T00:00:00Z/9	P1365	Q3530491	P1366	Q7813724
Q7813724	P31	Q5
Q7813724	P21	Q6581097
Q7813724	P1559	ja:"徳川慶頼"
Q7813724	P39	Q141663579	P1545	"5"	P580	+1839-00-00T00:00:00Z/9	P582	+1863-00-00T00:00:00Z/9	P1365	Q3530492	P1366	Q788276
Q788276	P31	Q5
Q788276	P21	Q6581097
Q788276	P1559	ja:"徳川寿千代"
Q788276	P39	Q141663579	P1545	"6"	P580	+1863-00-00T00:00:00Z/9	P582	+1865-00-00T00:00:00Z/9	P1365	Q7813724	P1366	Q672741
Q672741	P31	Q5
Q672741	P21	Q6581097
Q672741	P1559	ja:"徳川家達"
Q672741	P39	Q141663579	P1545	"7"	P580	+1865-00-00T00:00:00Z/9	P582	+1868-00-00T00:00:00Z/9	P1365	Q788276	P1366	Q7813724
Q7813724	P39	Q141663579	P1545	"8"	P580	+1868-00-00T00:00:00Z/9	P582	+1871-00-00T00:00:00Z/9	P1365	Q672741