Q909763	P22	Q2900560
Q2900560	P40	Q909763
Q8514046	P22	Q909763
Q909763	P40	Q8514046
Q8515268	P22	Q5368978
Q5368978	P40	Q8515268
Q8515491	P22	Q3275929
Q3275929	P40	Q8515491
Q8515528	P22	Q8515491
Q8515491	P40	Q8515528
Q11239138	P22	Q6788072
Q6788072	P40	Q11239138
Q399755	P22	Q5324923
Q5324923	P40	Q399755
Q11239147	P22	Q399755
Q399755	P40	Q11239147
Q11239149	P22	Q8515140
Q8515140	P40	Q11239149
Q6637949	P22	Q6638114
Q6638114	P40	Q6637949
Q6637949	P1038	Q10729406	P1039	Q20746742
Q10729406	P1038	Q6637949	P1039	Q20746725
Q10729371	P22	Q6637949
Q6637949	P40	Q10729371
Q284038	P22	Q2439046
Q2439046	P40	Q284038
Q284038	P1038	Q10729371	P1039	Q20746742
Q10729371	P1038	Q284038	P1039	Q20746725
Q10729424	P22	Q284038
Q284038	P40	Q10729424
Q318178	P22	Q3331296
Q3331296	P40	Q318178
Q8013604	P22	Q141655388
Q141655388	P40	Q8013604
Q8013604	P1038	Q318178	P1039	Q20746742
Q318178	P1038	Q8013604	P1039	Q20746725
Q8013532	P22	Q11530346
Q11530346	P40	Q8013532
Q8013532	P1038	Q8013604	P1039	Q20746742
Q8013604	P1038	Q8013532	P1039	Q20746725
Q8013567	P22	Q11436057
Q11436057	P40	Q8013567
Q8013299	P22	Q6527504
Q6527504	P40	Q8013299
Q8013925	P22	Q10565449
Q10565449	P40	Q8013925
Q8013925	P1038	Q8013299	P1039	Q20746742
Q8013299	P1038	Q8013925	P1039	Q20746725
Q6526165	P22	Q6527504
Q6527504	P40	Q6526165
Q8012981	P22	Q6526165
Q6526165	P40	Q8012981
Q8012981	P22	Q6526165
Q6526165	P40	Q8012981