Q1143534	P22	Q3137467
Q3137467	P40	Q1143534
Q6962458	P22	Q1143534
Q1143534	P40	Q6962458
Q8514003	P22	Q1143534
Q1143534	P40	Q8514003
Q8514003	P1038	Q6962458	P1039	Q20746742
Q6962458	P1038	Q8514003	P1039	Q20746725
Q8514008	P22	Q8514003
Q8514003	P40	Q8514008
Q8513901	P22	Q8514008
Q8514008	P40	Q8513901
Q8514401	P22	Q8514008
Q8514008	P40	Q8514401
Q8513962	P22	Q8513901
Q8513901	P40	Q8513962
Q8513972	P22	Q8514401
Q8514401	P40	Q8513972
Q8513940	P22	Q8513962
Q8513962	P40	Q8513940
Q8514408	P22	Q8513940
Q8513940	P40	Q8514408
Q8513952	P1038	Q8514408	P1039	Q20746742
Q8514408	P1038	Q8513952	P1039	Q20746725
Q8513946	P1038	Q8514408	P1039	Q20746742
Q8514408	P1038	Q8513946	P1039	Q20746725
Q8513978	P22	Q11408512
Q11408512	P40	Q8513978
Q8513986	P22	Q8513978
Q8513978	P40	Q8513986
Q8513991	P22	Q8513978
Q8513978	P40	Q8513991
Q8513967	P22	Q8513991
Q8513991	P40	Q8513967