Q846206	P22	Q665518
Q665518	P40	Q846206
Q8514891	P22	Q8010346
Q8010346	P40	Q8514891
Q8514885	P22	Q8514891
Q8514891	P40	Q8514885
Q8514975	P22	Q8514885
Q8514885	P40	Q8514975
Q8514986	P22	Q8514975
Q8514975	P40	Q8514986
Q8514980	P22	Q8514986
Q8514986	P40	Q8514980
Q8514945	P22	Q10517132
Q10517132	P40	Q8514945
Q8514945	P1038	Q8514980	P1039	Q20746742
Q8514980	P1038	Q8514945	P1039	Q20746725
Q6036695	P22	Q11373063
Q11373063	P40	Q6036695
Q8515303	P22	Q11067929
Q11067929	P40	Q8515303
Q8515330	P22	Q8515303
Q8515303	P40	Q8515330
Q8515314	P22	Q11067901
Q11067901	P40	Q8515314
Q8515314	P1038	Q8515330	P1039	Q20746742
Q8515330	P1038	Q8515314	P1039	Q20746725
Q8515308	P22	Q8515330
Q8515330	P40	Q8515308
Q8515308	P1038	Q8515314	P1039	Q20746742
Q8515314	P1038	Q8515308	P1039	Q20746725
Q3208958	P22	Q8515308
Q8515308	P40	Q3208958
Q8515320	P22	Q3208958
Q3208958	P40	Q8515320
Q8515325	P22	Q10517065
Q10517065	P40	Q8515325
Q8515325	P1038	Q8515320	P1039	Q20746742
Q8515320	P1038	Q8515325	P1039	Q20746725