Q6637970	P22	Q6638460
Q6638460	P40	Q6637970
Q6637970	P1038	Q10520801	P1039	Q20746742
Q10520801	P1038	Q6637970	P1039	Q20746725
Q8515540	P22	Q936047
Q936047	P40	Q8515540
Q8515551	P22	Q936047
Q936047	P40	Q8515551
Q8515551	P1038	Q8515540	P1039	Q20746742
Q8515540	P1038	Q8515551	P1039	Q20746725
Q8515466	P22	Q11532530
Q11532530	P40	Q8515466
Q8515466	P1038	Q52717402	P1039	Q20746742
Q52717402	P1038	Q8515466	P1039	Q20746725
Q8515460	P22	Q8515466
Q8515466	P40	Q8515460
Q8515415	P22	Q11670107
Q11670107	P40	Q8515415
Q8515415	P1038	Q8515460	P1039	Q20746742
Q8515460	P1038	Q8515415	P1039	Q20746725
Q8515421	P22	Q8515415
Q8515415	P40	Q8515421
Q8516022	P22	Q8515415
Q8515415	P40	Q8516022
Q8515433	P22	Q6092518
Q6092518	P40	Q8515433
Q8515433	P1038	Q8516022	P1039	Q20746742
Q8516022	P1038	Q8515433	P1039	Q20746725
Q8515399	P22	Q8515440
Q8515440	P40	Q8515399
Q8515399	P1038	Q8515433	P1039	Q20746742
Q8515433	P1038	Q8515399	P1039	Q20746725
Q107395	P22	Q8515399
Q8515399	P40	Q107395
Q8515448	P22	Q107395
Q107395	P40	Q8515448
Q8515427	P22	Q8515448
Q8515448	P40	Q8515427
Q8515404	P22	Q8515427
Q8515427	P40	Q8515404
Q8515409	P22	Q141655391
Q141655391	P40	Q8515409