Q11552150	P1038	Q11551932	P1039	Q20746742
Q11551932	P1038	Q11552150	P1039	Q20746725
Q2866309	P1038	Q11552150	P1039	Q20746742
Q11552150	P1038	Q2866309	P1039	Q20746725
Q3335080	P1038	Q2866309	P1039	Q20746742
Q2866309	P1038	Q3335080	P1039	Q20746725
Q2866316	P22	Q3335080
Q3335080	P40	Q2866316
Q3335053	P22	Q3335052
Q3335052	P40	Q3335053
Q3335053	P1038	Q2866316	P1039	Q20746742
Q2866316	P1038	Q3335053	P1039	Q20746725
Q3335056	P1038	Q3335053	P1039	Q20746742
Q3335053	P1038	Q3335056	P1039	Q20746725
Q11540411	P1038	Q3335056	P1039	Q20746742
Q3335056	P1038	Q11540411	P1039	Q20746725
Q11540416	P22	Q111012567
Q111012567	P40	Q11540416
Q11540416	P1038	Q11540411	P1039	Q20746742
Q11540411	P1038	Q11540416	P1039	Q20746725
Q11539716	P1038	Q11540416	P1039	Q20746742
Q11540416	P1038	Q11539716	P1039	Q20746725
Q11539687	P1038	Q11539716	P1039	Q20746742
Q11539716	P1038	Q11539687	P1039	Q20746725
Q11539690	P1038	Q11539687	P1039	Q20746742
Q11539687	P1038	Q11539690	P1039	Q20746725
Q11539691	P1038	Q11539690	P1039	Q20746742
Q11539690	P1038	Q11539691	P1039	Q20746725
Q11539682	P1038	Q11539691	P1039	Q20746742
Q11539691	P1038	Q11539682	P1039	Q20746725
Q11539686	P1038	Q11539682	P1039	Q20746742
Q11539682	P1038	Q11539686	P1039	Q20746725
Q11539689	P1038	Q11539686	P1039	Q20746742
Q11539686	P1038	Q11539689	P1039	Q20746725
Q11539684	P1038	Q11539689	P1039	Q20746742
Q11539689	P1038	Q11539684	P1039	Q20746725
Q11539681	P1038	Q11539684	P1039	Q20746742
Q11539684	P1038	Q11539681	P1039	Q20746725
Q11539680	P1038	Q11539681	P1039	Q20746742
Q11539681	P1038	Q11539680	P1039	Q20746725