Q3034464	P2388	Q141531665
Q22827421	P1423	Q141531665
Q18744086	P301	Q141531665
Q11650648	P31	Q5
Q11650648	P21	Q6581097
Q11650648	P1559	ja:"鍋島忠茂"
Q11650648	P39	Q141531665	P580	+1609-00-00T00:00:00Z/9	P582	+1624-00-00T00:00:00Z/9	P1366	Q11650655
Q11650655	P31	Q5
Q11650655	P21	Q6581097
Q11650655	P1559	ja:"鍋島正茂"
Q11650655	P39	Q141531665	P580	+1624-00-00T00:00:00Z/9	P582	+1642-00-00T00:00:00Z/9	P1365	Q11650648	P1366	Q11650676
Q11650676	P31	Q5
Q11650676	P21	Q6581097
Q11650676	P1559	ja:"鍋島直朝"
Q11650676	P39	Q141531665	P580	+1642-00-00T00:00:00Z/9	P582	+1672-00-00T00:00:00Z/9	P1365	Q11650655	P1366	Q11650677
Q11650677	P31	Q5
Q11650677	P21	Q6581097
Q11650677	P1559	ja:"鍋島直條"
Q11650677	P39	Q141531665	P580	+1672-00-00T00:00:00Z/9	P582	+1705-00-00T00:00:00Z/9	P1365	Q11650676	P1366	Q11650664
Q11650664	P31	Q5
Q11650664	P21	Q6581097
Q11650664	P1559	ja:"鍋島直堅"
Q11650664	P39	Q141531665	P580	+1705-00-00T00:00:00Z/9	P582	+1727-00-00T00:00:00Z/9	P1365	Q11650677	P1366	Q11650691
Q11650691	P31	Q5
Q11650691	P21	Q6581097
Q11650691	P1559	ja:"鍋島直郷"
Q11650691	P39	Q141531665	P580	+1728-00-00T00:00:00Z/9	P582	+1763-00-00T00:00:00Z/9	P1365	Q11650664	P1366	Q11650657
Q11650657	P31	Q5
Q11650657	P21	Q6581097
Q11650657	P1559	ja:"鍋島治茂"
Q11650657	P39	Q141531665	P580	+1763-00-00T00:00:00Z/9	P582	+1770-00-00T00:00:00Z/9	P1365	Q11650691	P1366	Q11650666
Q11650666	P31	Q5
Q11650666	P21	Q6581097
Q11650666	P1559	ja:"鍋島直宜"
Q11650666	P39	Q141531665	P580	+1770-00-00T00:00:00Z/9	P582	+1801-00-00T00:00:00Z/9	P1365	Q11650657	P1366	Q11650670
Q11650670	P31	Q5
Q11650670	P21	Q6581097
Q11650670	P1559	ja:"鍋島直彜"
Q11650670	P39	Q141531665	P580	+1800-00-00T00:00:00Z/9	P582	+1820-00-00T00:00:00Z/9	P1365	Q11650666	P1366	Q11650680
Q11650680	P31	Q5
Q11650680	P21	Q6581097
Q11650680	P1559	ja:"鍋島直永"
Q11650680	P39	Q141531665	P580	+1820-00-00T00:00:00Z/9	P582	+1839-00-00T00:00:00Z/9	P1365	Q11650670	P1366	Q11650690
Q11650690	P31	Q5
Q11650690	P21	Q6581097
Q11650690	P1559	ja:"鍋島直賢"
Q11650690	P39	Q141531665	P580	+1840-00-00T00:00:00Z/9	P582	+1848-00-00T00:00:00Z/9	P1365	Q11650680	P1366	Q705147
Q705147	P31	Q5
Q705147	P21	Q6581097
Q705147	P1559	ja:"鍋島直彬"
Q705147	P39	Q141531665	P580	+1848-00-00T00:00:00Z/9	P582	+1871-00-00T00:00:00Z/9	P1365	Q11650690