Q11650655	P22	Q11650648
Q11650648	P40	Q11650655
Q11650676	P22	Q3138980
Q3138980	P40	Q11650676
Q11650676	P1038	Q11650655	P1039	Q20746742
Q11650655	P1038	Q11650676	P1039	Q20746725
Q11650677	P22	Q11650676
Q11650676	P40	Q11650677
Q11650664	P22	Q11650677
Q11650677	P40	Q11650664
Q11650691	P22	Q11650664
Q11650664	P40	Q11650691
Q11650657	P22	Q11650644
Q11650644	P40	Q11650657
Q11650657	P1038	Q11650691	P1039	Q20746742
Q11650691	P1038	Q11650657	P1039	Q20746725
Q11650666	P22	Q11650663
Q11650663	P40	Q11650666
Q11650666	P1038	Q11650657	P1039	Q20746742
Q11650657	P1038	Q11650666	P1039	Q20746725
Q11650670	P22	Q11650657
Q11650657	P40	Q11650670
Q11650670	P1038	Q11650666	P1039	Q20746742
Q11650666	P1038	Q11650670	P1039	Q20746725
Q11650680	P22	Q11650651
Q11650651	P40	Q11650680
Q11650680	P1038	Q11650670	P1039	Q20746742
Q11650670	P1038	Q11650680	P1039	Q20746725
Q11650690	P22	Q11650651
Q11650651	P40	Q11650690
Q11650690	P1038	Q11650680	P1039	Q20746742
Q11650680	P1038	Q11650690	P1039	Q20746725
Q705147	P1038	Q11650690	P1039	Q20746742
Q11650690	P1038	Q705147	P1039	Q20746725