Q11255677	P22	Q837782
Q837782	P40	Q11255677
Q11255675	P22	Q11255677
Q11255677	P40	Q11255675
Q11255679	P22	Q11255675
Q11255675	P40	Q11255679
Q11255695	P22	Q7849976
Q7849976	P40	Q11255695
Q11255695	P1038	Q11255679	P1039	Q20746742
Q11255679	P1038	Q11255695	P1039	Q20746725
Q11255683	P22	Q11255695
Q11255695	P40	Q11255683
Q7849985	P22	Q11255683
Q11255683	P40	Q7849985
Q7849985	P1038	Q7849974	P1039	Q20746742
Q7849974	P1038	Q7849985	P1039	Q20746725
Q11255681	P22	Q7849985
Q7849985	P40	Q11255681
Q7849967	P22	Q11678642
Q11678642	P40	Q7849967
Q7849967	P1038	Q11255681	P1039	Q20746742
Q11255681	P1038	Q7849967	P1039	Q20746725
Q7849967	P22	Q11678642
Q11678642	P40	Q7849967
Q7849967	P1038	Q11255681	P1039	Q20746742
Q11255681	P1038	Q7849967	P1039	Q20746725
Q7849987	P22	Q11530346
Q11530346	P40	Q7849987
Q7849987	P1038	Q7849967	P1039	Q20746742
Q7849967	P1038	Q7849987	P1039	Q20746725
Q7849984	P22	Q7849967
Q7849967	P40	Q7849984
Q7849984	P1038	Q7849987	P1039	Q20746742
Q7849987	P1038	Q7849984	P1039	Q20746725